{"sections":{"heading":{"type":"heading-article","blocks":{"0948836b-2e63-4b54-abfe-dc1215c02b88":{"type":"blog_title","settings":{"show_blog_tite":"blog_current","fontf":"inherit","color":"#868686","mgb":10,"mgb_mb":10,"text_cl_trans":"#ffffff"}},"d46559fc-e99a-498c-9728-7bfe5b20e35c":{"type":"title","settings":{"fontf":"1","text_cl":"#ffffff","text_fs":36,"text_lh":40,"text_fw":300,"text_ls":0,"mgb":15,"font_italic":false,"font_uppercase":false,"text_shadow":true,"text_fs_tb":30,"text_lh_tb":34,"text_ls_tb":0,"mgb_tb":10,"hidden_mobile":false,"text_fs_mb":30,"text_lh_mb":34,"text_ls_mb":0,"mgb_mb":10,"text_cl_trans":"#ffffff"}},"33068ae0-fb1a-45f8-9a65-c51cbb6b2a13":{"type":"article_metas","settings":{"fontf":"inherit","color":"#868686","show_author":true,"show_comment":true,"mgb":10,"mgb_mb":10,"text_cl_trans":"#ffffff"}}},"block_order":["0948836b-2e63-4b54-abfe-dc1215c02b88","d46559fc-e99a-498c-9728-7bfe5b20e35c","33068ae0-fb1a-45f8-9a65-c51cbb6b2a13"],"settings":{"use_specify_image":true,"parallax":false,"bg_overlay":"#f6f6f6","bg_opacity":0,"padding_top":75,"padding_bottom":75,"padding_top_tb":50,"padding_bottom_tb":50,"padding_top_mb":50,"padding_bottom_mb":50,"box_border":"top","bg_pos":"center center","bg_repeat":"no-repeat","bg_size":"cover","use_border":true,"br_bg_trans":"#ffffff","br_opacity_trans":15,"bg_overlay_trans":"#000000","bg_opacity_trans":0,"padding_top_trans":75,"padding_bottom_trans":75,"padding_top_tb_trans":50,"padding_bottom_tb_trans":50,"padding_top_mb_trans":50,"padding_bottom_mb_trans":50,"mg_b":50,"mg_btb":50,"mg_bmb":50}},"main":{"type":"main-article","blocks":{"7e4b5fc6-02a8-446d-9a7b-125dfae2cca8":{"type":"content","settings":{"dessign_content":"drop_cap"}},"2b6cee18-8231-4806-a581-9f06025ae0b9":{"type":"tags","settings":{"count":false}},"e3a45d08-6bae-4757-a42f-4e452d6edfd5":{"type":"socials","settings":{"social_mode":"1","social_style":"outline","social_size":"medium","bd_radius":30,"use_color_set":false,"pri_cl":"#878787","pri_hover_cl":"#222222","space_h_item":"10","space_v_item":"10","space_h_item_mb":"6","space_v_item_mb":"6"}},"6a80d4a7-a1d3-44ea-a1aa-a844995b6687":{"type":"comments","settings":{"enable_full_btn":false,"button_style":"default","btn_size":"1","btn_cl":"dark"}},"7c55d9ba-069e-4c3d-9a41-a2871a48a8b3":{"type":"related","settings":{"hd_related":"Related aticles","limit_related":4,"show_blog_title":"blog_current","show_content":true,"show_tags":false,"show_author":true,"show_comment":true,"show_readmore":false,"show_date":true,"date":"%b %d","text_align":"center","col_dk":"3","col_tb":"2","col_mb":"1","space_h_item":"30","space_v_item":"30","space_h_item_tb":"20","space_v_item_tb":"20","space_h_item_mb":"10","space_v_item_mb":"10","image_ratio":"ratio4_3","image_position":"8","image_size":"cover","img_effect":"none","b_effect":"none","loop":true,"au_time":0,"au_hover":true,"nav_btn":false,"btn_pos":"in","btn_distance":15,"btn_vi":"hover","btn_owl":"default","btn_shape":"none","btn_cl":"dark","btn_size":"small","btn_hidden_mobile":false,"nav_dot":false,"dot_owl":"default","dots_cl":"dark","dots_round":true,"dots_space":10,"dots_hidden_mobile":false}},"a9bcd8cc-6a01-40e2-8595-465023a24f1e":{"type":"html","settings":{"html":"<div>Custom HTML<\/div>"}}},"block_order":["7e4b5fc6-02a8-446d-9a7b-125dfae2cca8","2b6cee18-8231-4806-a581-9f06025ae0b9","e3a45d08-6bae-4757-a42f-4e452d6edfd5","6a80d4a7-a1d3-44ea-a1aa-a844995b6687","7c55d9ba-069e-4c3d-9a41-a2871a48a8b3","a9bcd8cc-6a01-40e2-8595-465023a24f1e"],"settings":{"feature_image":false,"content_width":"boxed","layout":"t4s-container-wrap","cl_bg":"","cl_bg_gradient":"","mg":",,50px,","pd":"","mg_tb":",,50px,","pd_tb":"","mg_mb":",,30px,","pd_mb":""}},"sidebar":{"type":"sidebar-blog","disabled":true,"settings":{"enable_drawer":true,"space":50,"size":"medium","br_style":"none","brcolor":"#222222","sidebar_bdr":5,"sidebar_pd":10}}},"order":["heading","main","sidebar"]}