{"sections":{"heading":{"type":"heading-article","blocks":{"ffc85857-5df2-460f-9ba1-14c87e662cd2":{"type":"blog_title","settings":{"show_blog_tite":"blog_tags","fontf":"inherit","color":"#868686","mgb":10,"mgb_mb":10,"text_cl_trans":"#ffffff"}},"4c7ae437-5a19-4aa9-800d-dc9410d92117":{"type":"title","settings":{"fontf":"inherit","text_cl":"#000000","text_fs":36,"text_lh":40,"text_fw":300,"text_ls":0,"mgb":15,"font_italic":false,"font_uppercase":false,"text_shadow":false,"text_fs_tb":30,"text_lh_tb":36,"text_ls_tb":0,"mgb_tb":10,"hidden_mobile":false,"text_fs_mb":30,"text_lh_mb":36,"text_ls_mb":0,"mgb_mb":10,"text_cl_trans":"#ffffff"}},"09a3ef48-88cc-4471-999a-ba99302c88c0":{"type":"article_metas","settings":{"fontf":"inherit","color":"#868686","show_author":true,"show_comment":true,"mgb":10,"mgb_mb":10,"text_cl_trans":"#ffffff"}}},"block_order":["ffc85857-5df2-460f-9ba1-14c87e662cd2","4c7ae437-5a19-4aa9-800d-dc9410d92117","09a3ef48-88cc-4471-999a-ba99302c88c0"],"settings":{"use_specify_image":false,"parallax":false,"bg_overlay":"#000000","bg_opacity":0,"padding_top":60,"padding_bottom":37.5,"padding_top_tb":50,"padding_bottom_tb":50,"padding_top_mb":50,"padding_bottom_mb":50,"box_border":"top","bg_pos":"center center","bg_repeat":"no-repeat","bg_size":"cover","use_border":true,"br_bg_trans":"#ffffff","br_opacity_trans":15,"bg_overlay_trans":"#000000","bg_opacity_trans":0,"padding_top_trans":75,"padding_bottom_trans":75,"padding_top_tb_trans":50,"padding_bottom_tb_trans":50,"padding_top_mb_trans":50,"padding_bottom_mb_trans":50,"mg_b":0,"mg_btb":0,"mg_bmb":0}},"main":{"type":"main-article-portfolio","blocks":{"d21a0be4-413f-492d-99e1-b1ee866ea2c2":{"type":"content","settings":{"dessign_content":"default"}},"9c98f70a-bec6-4f83-b0a7-48175594806c":{"type":"tags","settings":{"count":false}},"2dd17e54-3e88-4077-aca0-3d6b7814ab9b":{"type":"socials","settings":{"social_mode":"1","social_style":"outline","social_size":"medium","bd_radius":30,"use_color_set":false,"pri_cl":"#878787","pri_hover_cl":"#222222","space_h_item":"10","space_v_item":"10","space_h_item_mb":"6","space_v_item_mb":"6"}},"9f84dbe8-21e7-4148-9e2f-a41776433f73":{"type":"comments","settings":{"enable_full_btn":false,"button_style":"default","btn_size":"1","btn_cl":"dark"}},"d99aeeaf-e36d-4e53-b9ab-1abc0f565af9":{"type":"navigation","settings":{}},"4372cf36-91cb-4b53-8371-c6087d6a40d6":{"type":"related","settings":{"hd_related":"Related Portfolio","limit_related":6,"col_dk":"3","col_tb":"2","col_mb":"1","space_h_item":"30","space_v_item":"30","space_h_item_tb":"20","space_v_item_tb":"20","space_h_item_mb":"10","space_v_item_mb":"10","image_ratio":"ratio4_3","image_position":"8","image_size":"cover","img_effect":"none","b_effect":"none","loop":true,"au_time":0,"au_hover":true,"nav_btn":false,"btn_pos":"in","btn_vi":"hover","btn_owl":"default","btn_shape":"none","btn_cl":"dark","btn_size":"small","btn_hidden_mobile":false,"nav_dot":false,"dot_owl":"default","dots_cl":"dark","dots_round":true,"dots_space":10,"dots_hidden_mobile":false}},"75b09b8d-96e8-449b-b1fa-322f6d32e856":{"type":"custom_liquid","settings":{"custom_liquid":""}}},"block_order":["d21a0be4-413f-492d-99e1-b1ee866ea2c2","9c98f70a-bec6-4f83-b0a7-48175594806c","2dd17e54-3e88-4077-aca0-3d6b7814ab9b","9f84dbe8-21e7-4148-9e2f-a41776433f73","d99aeeaf-e36d-4e53-b9ab-1abc0f565af9","4372cf36-91cb-4b53-8371-c6087d6a40d6","75b09b8d-96e8-449b-b1fa-322f6d32e856"],"settings":{"feature_image":true,"content_width":"boxed","layout":"t4s-container-wrap","cl_bg":"","cl_bg_gradient":"","mg":",,50px,","pd":"","mg_tb":",,50px,","pd_tb":"","mg_mb":",,30px,","pd_mb":""}},"sidebar":{"type":"sidebar-blog","disabled":true,"settings":{"enable_drawer":true,"space":50,"size":"medium","br_style":"none","brcolor":"#222222","sidebar_bdr":5,"sidebar_pd":10}}},"order":["heading","main","sidebar"]}