{"sections":{"heading":{"type":"heading-article2","settings":{"use_specify_image":true,"parallax":false,"height_img_dk":410,"height_img_tb":350,"height_img_mb":350,"bg_overlay":"#000000","bg_opacity":45,"box_border":"none","bg_pos":"center center","bg_repeat":"no-repeat","bg_size":"cover","use_border":false,"br_bg_trans":"#ffffff","br_opacity_trans":15,"bg_overlay_trans":"#000000","bg_opacity_trans":40,"height_img_dk_trans":350,"height_img_tb_trans":350,"height_img_mb_trans":350,"mg_b":50,"mg_btb":50,"mg_bmb":50}},"main":{"type":"article-sticky-title","blocks":{"a85af0dc-8306-4a3b-b31b-c9e53260ce72":{"type":"content","settings":{"dessign_content":"drop_cap"}},"a9e18b17-ce4b-44f2-b410-54e155c2f40b":{"type":"tags","settings":{"count":false}},"73b30bd7-ccc6-460f-b28e-4299e12c45e3":{"type":"socials","settings":{"social_mode":"1","social_style":"outline","social_size":"medium","bd_radius":30,"use_color_set":false,"pri_cl":"#878787","pri_hover_cl":"#222222","space_h_item":"10","space_v_item":"10","space_h_item_mb":"6","space_v_item_mb":"6"}},"3a843ef5-3778-4e01-9e43-3c8c8831595f":{"type":"comments","settings":{"enable_full_btn":false,"button_style":"default","btn_size":"extra-medium","btn_cl":"dark"}}},"block_order":["a85af0dc-8306-4a3b-b31b-c9e53260ce72","a9e18b17-ce4b-44f2-b410-54e155c2f40b","73b30bd7-ccc6-460f-b28e-4299e12c45e3","3a843ef5-3778-4e01-9e43-3c8c8831595f"],"settings":{"feature_image":false,"show_blog_title":"blog_current","show_tags":false,"show_author":true,"show_comment":true,"show_date":true,"date":"%b %d","layout":"t4s-container-wrap","cl_bg":"","cl_bg_gradient":"","mg":",,50px,","pd":"","mg_tb":",,50px,","pd_tb":"","mg_mb":",,30px,","pd_mb":""}}},"order":["heading","main"]}