{"sections":{"heading":{"type":"heading-template","blocks":{"5de25581-7c62-42b1-97af-d08b6abb5cd6":{"type":"1","settings":{"heading":"Page Heading","fontf":"inherit","text_cl":"#000000","text_fs":40,"text_lh":56,"text_fw":300,"text_ls":0,"font_italic":false,"font_uppercase":false,"text_shadow":false,"mgb":0,"text_fs_tb":35,"text_lh_tb":46,"text_ls_tb":0,"mgb_tb":0,"hidden_mobile":false,"text_fs_mb":35,"text_lh_mb":46,"text_ls_mb":0,"mgb_mb":0}},"56fa5643-e989-4869-8cdb-93f83411a2b1":{"type":"3","settings":{"breadcrumb_color":"#868686","breadcrumb_color_link":"#000000","brc_mgb":5}}},"block_order":["5de25581-7c62-42b1-97af-d08b6abb5cd6","56fa5643-e989-4869-8cdb-93f83411a2b1"],"settings":{"parallax":false,"color":"#000000","overlay":0,"padding_top":50,"padding_bottom":50,"mg_b":5,"padding_top_tb":50,"padding_bottom_tb":50,"mg_btb":5,"padding_top_mb":50,"padding_bottom_mb":50,"mg_bmb":5,"box_border":"top_bottom","bg_pos":"center center","bg_repeat":"no-repeat","bg_size":"cover"}},"top_tags":{"type":"top-blog-tags","settings":{"source":"1","show_count":true,"enable_border":false,"layout":"t4s-container-wrap","mgb":15,"mgb_mb":10}},"main":{"type":"main-portfolio","settings":{"layout_des":"1","limit":9,"col_dk":"3","col_tb":"2","col_mb":"1","space_h_item":"30","space_v_item":"30","space_h_item_tb":"15","space_v_item_tb":"15","space_h_item_mb":"15","space_v_item_mb":"15","use_pagination":"load-more","use_bar_lm":true,"btn_icon":true,"button_style":"outline","btn_size":"1","btn_cl":"dark","button_effect":"default","btn_pos":"t4s-text-center","image_ratio":"ratio1_1","image_position":"8","image_size":"cover","layout":"t4s-container-wrap","cl_bg":"","cl_bg_gradient":"","mg":",,50px,","pd":"","mg_tb":",,50px,","pd_tb":"","mg_mb":",,30px,","pd_mb":""}},"sidebar":{"type":"sidebar-blog","settings":{"enable_drawer":true,"space":50,"size":"medium","br_style":"none","brcolor":"#222222","sidebar_bdr":5,"sidebar_pd":10}}},"order":["heading","top_tags","main","sidebar"]}