{"sections":{"heading":{"type":"heading-template","blocks":{"90fe4528-eab1-488c-942e-d8ffac4dea73":{"type":"1","settings":{"heading":"Page Heading","fontf":"3","text_cl":"#000000","text_fs":40,"text_lh":40,"text_fw":300,"text_ls":0,"font_italic":false,"font_uppercase":false,"text_shadow":false,"mgb":10,"text_fs_tb":35,"text_lh_tb":46,"text_ls_tb":0,"mgb_tb":10,"hidden_mobile":false,"text_fs_mb":30,"text_lh_mb":30,"text_ls_mb":0,"mgb_mb":10}},"ef8d7f3f-98c9-4d6e-bec8-b12fce447dc1":{"type":"3","settings":{"breadcrumb_color":"#ffbb00","breadcrumb_color_link":"#000000","brc_mgb":0}}},"block_order":["90fe4528-eab1-488c-942e-d8ffac4dea73","ef8d7f3f-98c9-4d6e-bec8-b12fce447dc1"],"settings":{"parallax":false,"color":"#000000","overlay":0,"padding_top":40,"padding_bottom":30,"mg_b":0,"padding_top_tb":50,"padding_bottom_tb":50,"mg_btb":0,"padding_top_mb":20,"padding_bottom_mb":7.5,"mg_bmb":0,"box_border":"top","bg_pos":"center center","bg_repeat":"no-repeat","bg_size":"cover"}},"top_tags":{"type":"top-blog-tags","disabled":true,"settings":{"source":"1","show_count":false,"enable_border":true,"layout":"t4s-container-wrap","mgb":60,"mgb_mb":50}},"main":{"type":"main-blog","settings":{"layout_des":"1","article_des":"10","limit":10,"show_blog_title":"blog_current","show_content":true,"show_tags":false,"show_author":true,"show_comment":true,"show_readmore":true,"show_date":false,"date":"%b %d","text_align":"start","col_dk":"2","col_tb":"2","col_mb":"1","space_h_item":"30","space_v_item":"40","space_h_item_tb":"30","space_v_item_tb":"40","space_h_item_mb":"30","space_v_item_mb":"40","use_pagination":"default","use_bar_lm":true,"btn_icon":false,"button_style":"default","btn_size":"medium","btn_cl":"dark","button_effect":"default","btn_pos":"t4s-text-center","image_ratio":"ratio4_3","image_position":"default","image_size":"cover","img_effect":"none","b_effect":"none","layout":"t4s-container-wrap","cl_bg":"","cl_bg_gradient":"","mg":",,50px,","pd":"","mg_tb":",,50px,","pd_tb":"","mg_mb":",,30px,","pd_mb":""}},"sidebar":{"type":"sidebar-blog","blocks":{"5fb0d012-addf-4b16-9377-f33a013a1f0d":{"type":"blog_search","settings":{"title":"SEARCH"}},"12c31e5b-60b9-4b08-9a99-947adebc57df":{"type":"blog_cate","disabled":true,"settings":{"title":"Blog categories","cat_link_list":"","count":false}},"32504eef-281d-456c-a12a-d413607329db":{"type":"post","disabled":true,"settings":{"title":"POPULAR POST","blog":"fashions","date":"date","limit_post":5,"image_ratio":"t4s_ratio1_1","image_size":"t4s_cover","image_position":"t4s_position_8"}},"3c034326-39de-46eb-987f-49cf280e9bdb":{"type":"newsletter","settings":{"title":"Stay up to date with Kiki","description":"Signup for discounts and early access to all the good stuff!","news_icon":"letters"}},"4cf8e665-eecf-4f93-85db-5edeb4d9dbb6":{"type":"cus_socials","settings":{"title":"Connect with Us","social_mode":"1","social_style":"outline","social_size":"small","bd_radius":30,"use_color_set":false,"pri_cl":"#868686","pri_hover_cl":"#000000","space_h_item":"10","space_v_item":"10","space_h_item_mb":"10","space_v_item_mb":"10"}},"47be191b-7097-4e20-9f45-e4a8d9052d4c":{"type":"tags","disabled":true,"settings":{"title":"TAGS CLOUD","count":false}}},"block_order":["5fb0d012-addf-4b16-9377-f33a013a1f0d","12c31e5b-60b9-4b08-9a99-947adebc57df","32504eef-281d-456c-a12a-d413607329db","3c034326-39de-46eb-987f-49cf280e9bdb","4cf8e665-eecf-4f93-85db-5edeb4d9dbb6","47be191b-7097-4e20-9f45-e4a8d9052d4c"],"settings":{"enable_drawer":false,"space":50,"size":"medium","br_style":"none","brcolor":"#222222","sidebar_bdr":5,"sidebar_pd":10}}},"order":["heading","top_tags","main","sidebar"]}