{"sections":{"heading":{"type":"heading-template","blocks":{"eb19995b-d1ee-4735-a015-18d016d5ef0d":{"type":"1","settings":{"heading":"","fontf":"inherit","text_cl":"#000000","text_fs":40,"text_lh":56,"text_fw":300,"text_ls":0,"font_italic":false,"font_uppercase":false,"text_shadow":false,"mgb":20,"text_fs_tb":35,"text_lh_tb":46,"text_ls_tb":0,"mgb_tb":20,"hidden_mobile":false,"text_fs_mb":35,"text_lh_mb":46,"text_ls_mb":0,"mgb_mb":20}},"76246ae5-c34c-438d-ab80-daf2f7f8b643":{"type":"3","settings":{"breadcrumb_color":"#868686","breadcrumb_color_link":"#000000","brc_mgb":5}}},"block_order":["eb19995b-d1ee-4735-a015-18d016d5ef0d","76246ae5-c34c-438d-ab80-daf2f7f8b643"],"settings":{"parallax":false,"color":"#000000","overlay":0,"padding_top":15,"padding_bottom":15,"mg_b":40,"padding_top_tb":15,"padding_bottom_tb":15,"mg_btb":40,"padding_top_mb":15,"padding_bottom_mb":15,"mg_bmb":20,"box_border":"top_bottom","bg_pos":"center center","bg_repeat":"no-repeat","bg_size":"cover"}},"banner_KTEFDf":{"type":"banner","blocks":{"b_item_76yxzG":{"type":"b_item","settings":{"custom_dk":false,"height_dk":600,"custom_tb":true,"height_tb":400,"custom_mb":true,"height_mb":300,"image_size":"cover","image_position":"start","b_link":"","open_link":"_self","img_effect":"none","b_effect":"none","col_dk":"6","col_dk_w":"33.33333","col_tb":"6","col_dk_w_tb":"33.33333","col_mb":"12","content_align":"center","content_align_tb":"center","content_align_mb":"center","content_width":"t4s-content-auto","cv_pos":50,"ch_pos":50,"cv_pos_tb":50,"ch_pos_tb":50,"cv_pos_mb":50,"ch_pos_mb":50,"bg_overlay":"#ffbb00","bg_opacity":100,"bg_content_bl":true,"bg_content_cl":"#ffbb00","bg_content_op":0,"content_pd_tb":20,"content_pd_lr":20,"content_pd_tb_tb":20,"content_pd_lr_tb":20,"content_pd_tb_mb":10,"content_pd_lr_mb":10,"border_bl":false,"br_color":"#ffbb00","br_bg":"#ffffff","br_opacity":50,"br_style":"solid","br_pd":20,"br_pd_mb":10,"time_animation":1,"animation_delay":40}},"custom_text_DxPLwF":{"type":"custom_text","settings":{"text":"DELAYED SHIPPING NOTICE","remove_br_tag":false,"tag":"p","fontf":"inherit","text_cl":"#000000","text_fs":27,"text_lh":24,"text_fw":500,"text_ls":0,"font_italic":false,"text_shadow":false,"mgb":5,"text_fs_tb":16,"text_lh_tb":0,"text_ls_tb":0,"mgb_tb":10,"hidden_mobile":false,"text_fs_mb":16,"text_lh_mb":0,"text_ls_mb":0,"mgb_mb":10,"animation":"none"}},"custom_text_MHYdXR":{"type":"custom_text","settings":{"text":"All orders made between 15 May - 9 June 2025 will be shipped on 10 June 2025.","remove_br_tag":false,"tag":"p","fontf":"inherit","text_cl":"#ffffff","text_fs":22,"text_lh":24,"text_fw":400,"text_ls":0,"font_italic":false,"text_shadow":false,"mgb":5,"text_fs_tb":16,"text_lh_tb":0,"text_ls_tb":0,"mgb_tb":10,"hidden_mobile":false,"text_fs_mb":16,"text_lh_mb":0,"text_ls_mb":0,"mgb_mb":10,"animation":"none"}}},"block_order":["b_item_76yxzG","custom_text_DxPLwF","custom_text_MHYdXR"],"disabled":true,"name":"Banner custom","settings":{"space_h_item":"40","space_v_item":"30","space_h_item_tb":"30","space_v_item_tb":"30","space_h_item_mb":"10","space_v_item_mb":"10","layout":"t4s-container-fluid","cl_bg":"","cl_bg_gradient":"","mg":",,50px,","pd":"","mg_tb":",,30px,","pd_tb":"","mg_mb":",,30px,","pd_mb":""}},"main":{"type":"main-cart","blocks":{"6a86a2f1-0c3d-405d-bfa1-7b9a69275115":{"type":"price","settings":{}},"527afc28-1beb-47bc-b161-6c21bbffd514":{"type":"tax","disabled":true,"settings":{}},"7e103e8b-5dd6-4537-9a53-5ce7b3792e18":{"type":"agree","disabled":true,"settings":{}},"2cd003b0-06aa-48ee-94cb-5c62e94df252":{"type":"btnck","settings":{"btn_icon":false,"button_style":"default","btn_size":"default","btn_cl":"dark","button_effect":"default","btn_icon2":false,"button_style2":"outline","btn_size2":"default","btn_cl2":"dark","button_effect2":"default"}},"5a08c14f-036f-4855-9259-e6631b76daff":{"type":"img","disabled":true,"settings":{"wimg":75}}},"block_order":["6a86a2f1-0c3d-405d-bfa1-7b9a69275115","527afc28-1beb-47bc-b161-6c21bbffd514","7e103e8b-5dd6-4537-9a53-5ce7b3792e18","2cd003b0-06aa-48ee-94cb-5c62e94df252","5a08c14f-036f-4855-9259-e6631b76daff"],"settings":{"enable_calc_ship":true,"enable_note":true,"enable_rates":false,"enable_discount":true,"enable_gift_wrap":true,"design_cart":"1column","ship_df_country":"New Zealand"}},"product-related-recent-cart":{"type":"product-related-recent-cart","blocks":{"d9c3e9a4-77a7-437f-b6b0-282b085b1fd2":{"type":"recommendations","settings":{"design_heading":"1","heading_center":true,"title":"Related products","description":"","tophead_mb":30,"tophead_mb_tb":30,"tophead_mb_mb":25,"product_des":"1","rating_pos":"1","list_color_pos":"1","list_size_pos":"1","show_vendor":false,"use_cdt":false,"limit":6,"display_type":"3","product_list":["bella-tie-shoulder-cami","bella-tie-shoulder-cami-multi-colors","butterfly-charm-hoop-earrings"],"image_ratio":"rationt","image_size":"cover","image_position":"8","content_align":"default","col_dk":"4","col_tb":"2","col_mb":"2","space_h_item":"30","space_v_item":"30","space_h_item_tb":"20","space_v_item_tb":"20","space_h_item_mb":"10","space_v_item_mb":"10","layout_des":"2","loop":true,"au_time":0,"au_hover":true,"nav_btn":false,"btn_pos":"in","btn_distance":15,"btn_vi":"hover","btn_owl":"default","btn_shape":"none","btn_cl":"dark","btn_size":"small","btn_hidden_mobile":true,"nav_dot":true,"dot_owl":"elessi2","dots_cl":"dark","dots_round":true,"dots_space":10,"dots_hidden_mobile":false,"mgb":30,"mgb_tb":50,"mgb_mb":15}},"478620e9-599e-4e06-8f5f-88585bf79a08":{"type":"recently","settings":{"design_heading":"1","heading_center":true,"title":"Recently viewed","description":"","tophead_mb":30,"tophead_mb_tb":30,"tophead_mb_mb":25,"product_des":"1","rating_pos":"1","list_color_pos":"1","list_size_pos":"1","show_vendor":false,"use_cdt":false,"limit":8,"sortby":"3","unavailable_prs":"show","image_ratio":"rationt","image_size":"cover","image_position":"8","content_align":"default","col_dk":"4","col_tb":"2","col_mb":"2","space_h_item":"30","space_v_item":"30","space_h_item_tb":"20","space_v_item_tb":"20","space_h_item_mb":"10","space_v_item_mb":"10","layout_des":"2","loop":true,"au_time":0,"au_hover":true,"nav_btn":false,"btn_pos":"in","btn_distance":15,"btn_vi":"hover","btn_owl":"default","btn_shape":"none","btn_cl":"dark","btn_size":"small","btn_hidden_mobile":true,"nav_dot":true,"dot_owl":"elessi2","dots_cl":"dark","dots_round":true,"dots_space":10,"dots_hidden_mobile":false,"mgb":30,"mgb_tb":50,"mgb_mb":15}}},"block_order":["d9c3e9a4-77a7-437f-b6b0-282b085b1fd2","478620e9-599e-4e06-8f5f-88585bf79a08"],"settings":{"enable_tab":true,"layout":"t4s-container-wrap","cl_bg":"","cl_bg_gradient":"","mg":",,50px,","pd":"","mg_tb":",,50px,","pd_tb":"","mg_mb":",,30px,","pd_mb":""}}},"order":["heading","banner_KTEFDf","main","product-related-recent-cart"]}