{"sections":{"heading_template":{"type":"collection-heading-template","blocks":{"07c155bb-29b8-4a2f-a7cf-bf0bd1099c54":{"type":"1","settings":{"fontf":"3","text_cl":"#0b0b0b","text_fs":40,"text_lh":53,"text_fw":400,"text_ls":0,"font_italic":false,"font_uppercase":false,"text_shadow":false,"mgb":0,"text_fs_tb":28,"text_lh_tb":30,"text_ls_tb":0,"mgb_tb":0,"hidden_mobile":false,"text_fs_mb":30,"text_lh_mb":30,"text_ls_mb":0,"mgb_mb":0,"text_cl_trans":"#ffffff"}},"86f8fa15-894b-423d-adba-1a3d5cf8d9a2":{"type":"3","settings":{"breadcrumb_color":"#ffbb00","breadcrumb_color_link":"#000000","brc_mgb":30,"breadcrumb_cl_trans":"#e6e6e6","breadcrumb_color_link_trans":"#0b0b0b"}},"901ad316-b856-4264-8e30-5d22892d3bca":{"type":"5","disabled":true,"settings":{"source":"1","collection_list":[],"show_thumb_cl":false,"sort_collections":"alphabetical","hidden_mobile":false,"space_item":30,"fontf":"inherit","text_cl":"#000000","text_fs":14,"text_lh":36,"text_fw":400,"text_ls":0,"font_italic":false,"nav_btn":true,"custom_items":false,"col_dk":6,"col_tb":3,"col_mb":2,"text_cl_trans":"#ffffff"}}},"block_order":["07c155bb-29b8-4a2f-a7cf-bf0bd1099c54","86f8fa15-894b-423d-adba-1a3d5cf8d9a2","901ad316-b856-4264-8e30-5d22892d3bca"],"settings":{"use_specify_image":false,"parallax":false,"color":"#ffffff","overlay":0,"padding_top":40,"padding_bottom":10,"mg_b":20,"padding_top_tb":20,"padding_bottom_tb":0,"mg_btb":0,"padding_top_mb":20,"padding_bottom_mb":0,"mg_bmb":0,"box_border":"top_bottom","bg_pos":"center center","bg_repeat":"repeat","bg_size":"auto","show_border":true,"cl_bd_trans":"#ffffff","border_cl_trans":15,"color_trans":"#000000","overlay_trans":0,"padding_top_trans":15,"padding_bottom_trans":2.5,"padding_top_tb_trans":20,"padding_bottom_tb_trans":27.5,"padding_top_mb_trans":0,"padding_bottom_mb_trans":0}},"93f065bf-7fc8-4471-a2fb-c6d06598534c":{"type":"hero-image","blocks":{"template--20125075800385__93f065bf-7fc8-4471-a2fb-c6d06598534c-custom_text-1":{"type":"custom_text","disabled":true,"settings":{"text":"TEST COLLECTIONS SUBTITLE","remove_br_tag":false,"tag":"p","fontf":"inherit","text_cl":"#ffffff","text_fs":16,"text_lh":0,"text_fw":400,"text_ls":1,"mgb":15,"font_italic":false,"text_shadow":false,"text_fs_tb":16,"text_lh_tb":0,"text_ls_tb":0,"mgb_tb":10,"hidden_mobile":false,"text_fs_mb":16,"text_lh_mb":0,"text_ls_mb":0,"mgb_mb":10,"animation":"none"}},"template--20125075800385__93f065bf-7fc8-4471-a2fb-c6d06598534c-custom_text-2":{"type":"custom_text","disabled":true,"settings":{"text":"TEST COLLECTION HEADING","remove_br_tag":false,"tag":"p","fontf":"inherit","text_cl":"#ffffff","text_fs":50,"text_lh":70,"text_fw":300,"text_ls":0,"mgb":25,"font_italic":false,"text_shadow":false,"text_fs_tb":16,"text_lh_tb":0,"text_ls_tb":0,"mgb_tb":10,"hidden_mobile":false,"text_fs_mb":16,"text_lh_mb":0,"text_ls_mb":0,"mgb_mb":10,"animation":"none"}},"template--20125075800385__93f065bf-7fc8-4471-a2fb-c6d06598534c-custom_button-1":{"type":"custom_button","disabled":true,"settings":{"button_text":"Button label","button_link":"","target_link":"_self","fontf":"inherit","button_style":"default","icon_style":"1","button_icon_w":0,"border_w":1,"button_effect":"default","pri_cl":"#222222","second_cl":"#ffffff","pri_cl_hover":"#0ec1ae","second_cl_hover":"#ffffff","fsbutton":14,"fwbutton":400,"button_ls":0,"button_mh":42,"button_bdr":0,"button_pd_lr":20,"mgb":0,"button_icon_w_tb":0,"fsbutton_tb":12,"button_mh_tb":36,"button_pd_lr_tb":15,"button_ls_tb":0,"mgb_tb":0,"hidden_mobile":false,"button_icon_w_mb":0,"fsbutton_mb":10,"button_mh_mb":36,"button_pd_lr_mb":15,"button_ls_mb":0,"mgb_mb":0,"animation":"none"}}},"block_order":["template--20125075800385__93f065bf-7fc8-4471-a2fb-c6d06598534c-custom_text-1","template--20125075800385__93f065bf-7fc8-4471-a2fb-c6d06598534c-custom_text-2","template--20125075800385__93f065bf-7fc8-4471-a2fb-c6d06598534c-custom_button-1"],"disabled":true,"settings":{"se_height":"t4s_ratioadapt_mix","custom_dk":true,"height_dk":400,"custom_tb":true,"height_tb":400,"custom_mb":true,"height_mb":250,"parallax":false,"image_position":"0","link_img1":"","open_link":"_blank","bottom_arrow":false,"bottom_arrow_style":"button","bottom_arrow_color":"light","bottom_arrow_pos":"2","text_align":"center","text_align_tb":"center","text_align_mb":"center","content_width":"auto","cv_pos":50,"ch_pos":50,"cv_pos_tb":50,"ch_pos_tb":50,"cv_pos_mb":50,"ch_pos_mb":50,"bg_overlay":"#000000","bg_opacity":0,"bg_content_cl":"#ffffff","bg_content_op":0,"content_pd_tb":15,"content_pd_lr":15,"content_pd_tb_tb":15,"content_pd_lr_tb":15,"content_pd_tb_mb":10,"content_pd_lr_mb":10,"border_bl":false,"br_color":"#222222","br_bg":"#ffffff","br_opacity":50,"br_style":"solid","br_pd":20,"br_pd_mb":10,"time_animation":1,"animation_delay":40,"layout":"t4s-container-fluid","cl_bg":"","cl_bg_gradient":"","mg":",,50px,","pd":"","mg_tb":",,50px,","pd_tb":"","mg_mb":",,30px,","pd_mb":""}},"main":{"type":"main-collection","blocks":{"61521bb9-8203-40bd-bb9d-874f11185c3e":{"type":"filter","settings":{"style_filters":"area"}},"0f0d1296-cb2e-415d-8df4-c4bb3d017b85":{"type":"layout","settings":{}},"016b0bca-1024-416d-be1d-9c639de096e7":{"type":"sortby","settings":{}}},"block_order":["61521bb9-8203-40bd-bb9d-874f11185c3e","0f0d1296-cb2e-415d-8df4-c4bb3d017b85","016b0bca-1024-416d-be1d-9c639de096e7"],"settings":{"show_desc":true,"position_desc":"1","product_des":"1","rating_pos":"1","list_color_pos":"1","list_size_pos":"1","show_vendor":false,"use_cdt":false,"image_ratio":"ratio1_1","image_size":"contain","image_position":"8","content_align":"default","limit":16,"enable_listing":true,"enable_listing_default":false,"col_dk":"4","col_tb":"3","col_mb":"2","space_h_item":"20","space_v_item":"30","space_h_item_tb":"20","space_v_item_tb":"20","space_h_item_mb":"8","space_v_item_mb":"8","layout_des":"1","use_pagination":"default","enable_bar_lm":true,"btn_icon":false,"btn_rounded":false,"button_style":"default","btns_size":"large","btns_cl":"dark","button_effect":"default","btn_pos":"t4s-text-center","type_filters":"facets","layout":"t4s-container-wrap","cl_bg":"","cl_bg_gradient":"","mg":",,50px,","pd":"","mg_tb":",,30px,","pd_tb":"","mg_mb":",,,,","pd_mb":""}},"sidebar":{"type":"sidebar-collection","blocks":{"cd6064d5-464c-431c-b47b-e363158ab8bd":{"type":"category","settings":{"heading":"Product Collections","cat_source":"1","cat_link_list":"","count":false}},"7ac6f497-c7ca-4dac-8f59-0084f052835e":{"type":"filter","settings":{}}},"block_order":["cd6064d5-464c-431c-b47b-e363158ab8bd","7ac6f497-c7ca-4dac-8f59-0084f052835e"],"settings":{"enable_drawer":false,"space":50,"size":"medium","br_style":"solid","brcolor":"#222222","sidebar_bdr":10,"sidebar_pd":10}}},"order":["heading_template","93f065bf-7fc8-4471-a2fb-c6d06598534c","main","sidebar"]}