{"sections":{"main":{"type":"main-collection","blocks":{"61521bb9-8203-40bd-bb9d-874f11185c3e":{"type":"filter","disabled":true,"settings":{"style_filters":"area"}},"0f0d1296-cb2e-415d-8df4-c4bb3d017b85":{"type":"layout","disabled":true,"settings":{}},"016b0bca-1024-416d-be1d-9c639de096e7":{"type":"sortby","disabled":true,"settings":{}}},"block_order":["61521bb9-8203-40bd-bb9d-874f11185c3e","0f0d1296-cb2e-415d-8df4-c4bb3d017b85","016b0bca-1024-416d-be1d-9c639de096e7"],"disabled":true,"settings":{"show_desc":true,"position_desc":"1","product_des":"1","rating_pos":"1","list_color_pos":"1","list_size_pos":"1","show_vendor":false,"use_cdt":false,"image_ratio":"ratio1_1","image_size":"contain","image_position":"8","content_align":"default","limit":16,"enable_listing":true,"enable_listing_default":false,"col_dk":"4","col_tb":"3","col_mb":"2","space_h_item":"20","space_v_item":"30","space_h_item_tb":"20","space_v_item_tb":"20","space_h_item_mb":"8","space_v_item_mb":"8","layout_des":"1","use_pagination":"default","enable_bar_lm":true,"btn_icon":false,"btn_rounded":false,"button_style":"default","btns_size":"large","btns_cl":"dark","button_effect":"default","btn_pos":"t4s-text-center","type_filters":"facets","layout":"t4s-container-wrap","cl_bg":"","cl_bg_gradient":"","mg":",,50px,","pd":"","mg_tb":",,30px,","pd_tb":"","mg_mb":",,,,","pd_mb":""}},"heading_template":{"type":"collection-heading-template","blocks":{"07c155bb-29b8-4a2f-a7cf-bf0bd1099c54":{"type":"1","settings":{"fontf":"3","text_cl":"#0b0b0b","text_fs":40,"text_lh":53,"text_fw":400,"text_ls":0,"font_italic":false,"font_uppercase":false,"text_shadow":false,"mgb":0,"text_fs_tb":28,"text_lh_tb":30,"text_ls_tb":0,"mgb_tb":0,"hidden_mobile":false,"text_fs_mb":30,"text_lh_mb":30,"text_ls_mb":0,"mgb_mb":0,"text_cl_trans":"#ffffff"}},"86f8fa15-894b-423d-adba-1a3d5cf8d9a2":{"type":"3","settings":{"breadcrumb_color":"#ffbb00","breadcrumb_color_link":"#000000","brc_mgb":30,"breadcrumb_cl_trans":"#e6e6e6","breadcrumb_color_link_trans":"#0b0b0b"}},"901ad316-b856-4264-8e30-5d22892d3bca":{"type":"5","disabled":true,"settings":{"source":"1","collection_list":[],"show_thumb_cl":false,"sort_collections":"alphabetical","hidden_mobile":false,"space_item":30,"fontf":"inherit","text_cl":"#000000","text_fs":14,"text_lh":36,"text_fw":400,"text_ls":0,"font_italic":false,"nav_btn":true,"custom_items":false,"col_dk":6,"col_tb":3,"col_mb":2,"text_cl_trans":"#ffffff"}},"4_ddpUxU":{"type":"4","disabled":true,"settings":{"design_des":"show_all","length":100,"view_more":false,"viewm_txt":"View more","fontf":"inherit","text_cl":"#000000","text_fs":14,"text_lh":22,"text_fw":300,"text_ls":0,"font_italic":false,"font_uppercase":false,"text_shadow":false,"mgb":0,"text_fs_tb":35,"text_lh_tb":46,"text_ls_tb":0,"mgb_tb":0,"hidden_mobile":false,"text_fs_mb":14,"text_lh_mb":17,"text_ls_mb":0,"mgb_mb":0,"text_cl_trans":"#ffffff"}}},"block_order":["07c155bb-29b8-4a2f-a7cf-bf0bd1099c54","86f8fa15-894b-423d-adba-1a3d5cf8d9a2","901ad316-b856-4264-8e30-5d22892d3bca","4_ddpUxU"],"settings":{"use_specify_image":false,"parallax":false,"color":"#ffffff","overlay":0,"padding_top":40,"padding_bottom":10,"mg_b":20,"padding_top_tb":20,"padding_bottom_tb":0,"mg_btb":0,"padding_top_mb":20,"padding_bottom_mb":20,"mg_bmb":0,"box_border":"top_bottom","bg_pos":"center center","bg_repeat":"repeat","bg_size":"auto","show_border":true,"cl_bd_trans":"#ffffff","border_cl_trans":15,"color_trans":"#000000","overlay_trans":0,"padding_top_trans":15,"padding_bottom_trans":2.5,"padding_top_tb_trans":20,"padding_bottom_tb_trans":27.5,"padding_top_mb_trans":0,"padding_bottom_mb_trans":0}},"collections_list_WaAe7i":{"type":"collections-list","blocks":{"collection_item_ykG6cR":{"type":"collection_item","settings":{"collection":"","image":"shopify:\/\/shop_images\/Instagram_post_-_124_1.jpg","title":"","collection_badge":"","collection_link":"","show_count":false,"button_label":"Shop Now"}},"collection_item_qGTrcm":{"type":"collection_item","settings":{"collection":"gifts-under-60","title":"","collection_badge":"","collection_link":"","show_count":false,"button_label":"Shop Now"}},"collection_item_eLAYAm":{"type":"collection_item","settings":{"collection":"gifts-under-100","title":"","collection_badge":"","collection_link":"","show_count":false,"button_label":"Shop Now"}},"collection_item_3BmYUM":{"type":"collection_item","settings":{"collection":"gifts-under-200","title":"","collection_badge":"","collection_link":"","show_count":false,"button_label":"Shop Now"}},"collection_item_6xerWE":{"type":"collection_item","disabled":true,"settings":{"collection":"gifts-under-200","title":"Runners","collection_badge":"","collection_link":"shopify:\/\/collections\/hall-runners","show_count":false,"button_label":"Shop Now"}},"collection_item_9EqWQt":{"type":"collection_item","disabled":true,"settings":{"collection":"","title":"","collection_badge":"","collection_link":"","show_count":false,"button_label":"Shop Now"}}},"block_order":["collection_item_ykG6cR","collection_item_qGTrcm","collection_item_eLAYAm","collection_item_3BmYUM","collection_item_6xerWE","collection_item_9EqWQt"],"settings":{"design_heading":"2","heading_center":true,"top_heading":"","top_subheading":"","tophead_mb":30,"tophead_mb_tb":30,"tophead_mb_mb":25,"heading_inline":false,"heading_width":"small","collection_des":"1","title_fs":16,"title_fw":400,"item_content_rd":0,"item_cl":"","pri_cl":"#ffffff","second_cl":"#000000","pri_hover_cl":"#000000","second_hover_cl":"#ffffff","badge_cl":"#ffffff","badge_cl2":"#ea0000","content_align":"center","content_pos":"1","enable_bs_hover":false,"padding_inner":"","space_bottom":20,"space_bottom_tb":10,"space_bottom_mb":10,"content_width":138,"content_height":40,"content_width_tb":130,"content_height_tb":40,"content_width_mb":140,"content_height_mb":40,"open_link":"_self","item_rd":0,"img_effect":"none","b_effect":"none","image_ratio":"ratio1_1","image_size":"cover","image_position":"8","layout_des":"1","col_dk":"4","col_tb":"2","col_mb":"2","space_h_item":"30","space_v_item":"30","space_h_item_tb":"10","space_v_item_tb":"10","space_h_item_mb":"10","space_v_item_mb":"10","loop":true,"au_time":0,"au_hover":true,"freeScroll":false,"scrollbar":false,"center_slide":false,"nav_btn":false,"btn_pos":"in","btn_distance":15,"btn_vi":"hover","btn_owl":"default","btn_shape":"none","btn_cl":"dark","btn_size":"small","btn_hidden_mobile":false,"nav_dot":false,"dot_owl":"default","dots_cl":"dark","dots_round":true,"dots_space":10,"dots_position":"default","dots_bottom_pos":20,"dots_hidden_mobile":false,"head_btn_label":"Shop All","head_btn_url":"","head_button_style":"outline","head_btn_icon":true,"btn_rounded":false,"head_btns_size":"default","head_btns_cl":"dark","head_button_effect":"default","hidden_btn_mb":false,"head_slide_btn":false,"layout":"t4s-container-wrap","cl_bg":"","cl_bg_gradient":"","mg":",,50px,","pd":"","mg_tb":",,30px,","pd_tb":"","mg_mb":",,30px,","pd_mb":""}},"93f065bf-7fc8-4471-a2fb-c6d06598534c":{"type":"hero-image","blocks":{"template--20125075800385__93f065bf-7fc8-4471-a2fb-c6d06598534c-custom_text-1":{"type":"custom_text","disabled":true,"settings":{"text":"TEST COLLECTIONS SUBTITLE","remove_br_tag":false,"tag":"p","fontf":"inherit","text_cl":"#ffffff","text_fs":16,"text_lh":0,"text_fw":400,"text_ls":1,"mgb":15,"font_italic":false,"text_shadow":false,"text_fs_tb":16,"text_lh_tb":0,"text_ls_tb":0,"mgb_tb":10,"hidden_mobile":false,"text_fs_mb":16,"text_lh_mb":0,"text_ls_mb":0,"mgb_mb":10,"animation":"none"}},"template--20125075800385__93f065bf-7fc8-4471-a2fb-c6d06598534c-custom_text-2":{"type":"custom_text","disabled":true,"settings":{"text":"TEST COLLECTION HEADING","remove_br_tag":false,"tag":"p","fontf":"inherit","text_cl":"#ffffff","text_fs":50,"text_lh":70,"text_fw":300,"text_ls":0,"mgb":25,"font_italic":false,"text_shadow":false,"text_fs_tb":16,"text_lh_tb":0,"text_ls_tb":0,"mgb_tb":10,"hidden_mobile":false,"text_fs_mb":16,"text_lh_mb":0,"text_ls_mb":0,"mgb_mb":10,"animation":"none"}},"template--20125075800385__93f065bf-7fc8-4471-a2fb-c6d06598534c-custom_button-1":{"type":"custom_button","disabled":true,"settings":{"button_text":"Button label","button_link":"","target_link":"_self","fontf":"inherit","button_style":"default","icon_style":"1","button_icon_w":0,"border_w":1,"button_effect":"default","pri_cl":"#222222","second_cl":"#ffffff","pri_cl_hover":"#0ec1ae","second_cl_hover":"#ffffff","fsbutton":14,"fwbutton":400,"button_ls":0,"button_mh":42,"button_bdr":0,"button_pd_lr":20,"mgb":0,"button_icon_w_tb":0,"fsbutton_tb":12,"button_mh_tb":36,"button_pd_lr_tb":15,"button_ls_tb":0,"mgb_tb":0,"hidden_mobile":false,"button_icon_w_mb":0,"fsbutton_mb":10,"button_mh_mb":36,"button_pd_lr_mb":15,"button_ls_mb":0,"mgb_mb":0,"animation":"none"}}},"block_order":["template--20125075800385__93f065bf-7fc8-4471-a2fb-c6d06598534c-custom_text-1","template--20125075800385__93f065bf-7fc8-4471-a2fb-c6d06598534c-custom_text-2","template--20125075800385__93f065bf-7fc8-4471-a2fb-c6d06598534c-custom_button-1"],"disabled":true,"settings":{"se_height":"t4s_ratioadapt_mix","custom_dk":true,"height_dk":400,"custom_tb":true,"height_tb":400,"custom_mb":true,"height_mb":250,"parallax":false,"image_position":"0","link_img1":"","open_link":"_blank","bottom_arrow":false,"bottom_arrow_style":"button","bottom_arrow_color":"light","bottom_arrow_pos":"2","text_align":"center","text_align_tb":"center","text_align_mb":"center","content_width":"auto","cv_pos":50,"ch_pos":50,"cv_pos_tb":50,"ch_pos_tb":50,"cv_pos_mb":50,"ch_pos_mb":50,"bg_overlay":"#000000","bg_opacity":0,"bg_content_cl":"#ffffff","bg_content_op":0,"content_pd_tb":15,"content_pd_lr":15,"content_pd_tb_tb":15,"content_pd_lr_tb":15,"content_pd_tb_mb":10,"content_pd_lr_mb":10,"border_bl":false,"br_color":"#222222","br_bg":"#ffffff","br_opacity":50,"br_style":"solid","br_pd":20,"br_pd_mb":10,"time_animation":1,"animation_delay":40,"layout":"t4s-container-fluid","cl_bg":"","cl_bg_gradient":"","mg":",,50px,","pd":"","mg_tb":",,50px,","pd_tb":"","mg_mb":",,30px,","pd_mb":""}},"sidebar":{"type":"sidebar-collection","blocks":{"cd6064d5-464c-431c-b47b-e363158ab8bd":{"type":"category","settings":{"heading":"Product Collections","cat_source":"1","cat_link_list":"","count":false}},"7ac6f497-c7ca-4dac-8f59-0084f052835e":{"type":"filter","settings":{}}},"block_order":["cd6064d5-464c-431c-b47b-e363158ab8bd","7ac6f497-c7ca-4dac-8f59-0084f052835e"],"settings":{"enable_drawer":false,"space":50,"size":"medium","br_style":"solid","brcolor":"#222222","sidebar_bdr":10,"sidebar_pd":10}},"custom_liquid_RgBFFX":{"type":"custom-liquid","custom_css":["p {color: black;}"],"settings":{"custom_liquid":"<!DOCTYPE html>\n<html lang=\"en\">\n<head>\n  <meta charset=\"UTF-8\">\n  <title>Rugs & Mats Snippet<\/title>\n  <style>\n    \/* Container to center the content and control width *\/\n    .content-container {\n      max-width: 700px;\n      margin: 0 auto;\n      padding: 16px;\n      font-family: Arial, sans-serif;\n      text-align: left;\n    }\n\n    \/* Headings, paragraphs, and link styling *\/\n    .content-container h2 {\n      margin-top: 1.5em;\n    }\n    .content-container p {\n      line-height: 1.5;\n      margin: 1em 0;\n    }\n    .content-container a {\n      color: #3366cc;\n      text-decoration: none;\n    }\n\n    \/* Adjusting bullet points so they’re not on the extreme left *\/\n    .content-container ul {\n      list-style-type: disc;        \n      list-style-position: inside;  \n      margin: 1em 0;\n      padding: 0;\n    }\n    .content-container li {\n      margin-bottom: 0.5em;\n    }\n  <\/style>\n<\/head>\n<body>\n<div class=\"content-container\">\n<h2 style=\"text-align: left;\"><strong>Discover gifts with a story<\/strong><\/h2>\n<p style=\"text-align: left;\">Explore gifts and decor that combine function and style. Our original collection includes ceramics, textiles and home decor items are designed to complement any setting. Whether you’re looking for artisan crafted products, something useful for around the home, a stand-out statement piece, our collections at Kiki Bazaar are sure to make a unique gift for that special someone.<\/p>\n<p style=\"text-align: left;\">For more options, browse <a rel=\"noopener\" href=\"https:\/\/kikibazaar.com\/collections\/pottery-ceramics\"><strong><span>Pottery<\/span><span> &amp; Ceramics<\/span><\/strong><\/a>, <a rel=\"noopener\" href=\"https:\/\/kikibazaar.com\/collections\/splatterware\"><strong><span>Splatterware<\/span><\/strong><\/a>, or <a rel=\"noopener\" href=\"https:\/\/kikibazaar.com\/collections\/jugs-vases\"><strong><span>Jugs<\/span><span> &amp; Vases<\/span><\/strong><\/a>.<\/p>\n<h2 style=\"text-align: left;\"><strong>Purposeful gifts for everyday Use<\/strong><\/h2>\n<p style=\"text-align: left;\">Discover functional and stylish accessories like Monstera bookmarks and sunglasses bookmarks. These pieces are crafted to add utility and beauty to everyday life. Pair them with decor items from <a rel=\"noopener\" href=\"https:\/\/kikibazaar.com\/collections\/prints-wall-art\"><strong><span>Prints<\/span><span> &amp; Wall<\/span><span> Art<\/span><\/strong><\/a> or <a rel=\"noopener\" href=\"https:\/\/kikibazaar.com\/collections\/frames\"><strong><span>Frames<\/span><\/strong><\/a> for a coordinated look.&nbsp;Looking for table decor? Visit <a rel=\"noopener\" href=\"https:\/\/kikibazaar.com\/collections\/table-dining\"><strong><span>Table<\/span><span> &amp; Dining<\/span><\/strong><\/a> for coasters and tableware, or explore lighting options in <a rel=\"noopener\" href=\"https:\/\/kikibazaar.com\/collections\/lighting\"><strong><span>Lighting<\/span><\/strong><\/a> for added ambiance.<\/p>\n<h2 style=\"text-align: left;\"><strong>Meaningful Gift Ideas<\/strong><\/h2>\n<p style=\"text-align: left;\">Choose thoughtful gifts like gift cards, artisan bookmarks, or designer greeting cards. These pieces are perfect for every occasion. For beach lovers, explore <a rel=\"noopener\" href=\"https:\/\/kikibazaar.com\/collections\/beach-outdoor\"><strong><span>Beach<\/span><span> &amp; Outdoor<\/span><\/strong><\/a>, or pair with items from <a rel=\"noopener\" href=\"https:\/\/kikibazaar.com\/collections\/bags-baskets\"><strong><span>Bags<\/span><span> &amp; Baskets<\/span><\/strong><\/a> for practical and stylish gifting.<\/p>\n<h2 style=\"text-align: left;\"><strong>Gifts for practical use<\/strong><\/h2>\n<p style=\"text-align: left;\">Enhance someone's living space with unique items like&nbsp;<strong>woven fans<\/strong> from <a rel=\"noopener\" href=\"https:\/\/kikibazaar.com\/collections\/woven-fans-wall-art\"><strong><span>Woven<\/span><span> Fans<\/span><span> &amp; Wall<\/span><span> Art<\/span><\/strong><\/a>. Add warmth with <a rel=\"noopener\" href=\"https:\/\/kikibazaar.com\/collections\/rugs-mats\"><strong><span>Rugs<\/span><span> &amp; Mats<\/span><\/strong><\/a>, including <a rel=\"noopener\" href=\"https:\/\/kikibazaar.com\/collections\/hall-runners\"><strong><span>Hall<\/span><span> Runners<\/span><\/strong><\/a> or <a rel=\"noopener\" href=\"https:\/\/kikibazaar.com\/collections\/large-rugs\"><strong><span>Large<\/span><span> Rugs<\/span><\/strong><\/a>. Finish your space with cushions from <a rel=\"noopener\" href=\"https:\/\/kikibazaar.com\/collections\/cushions\"><strong><span>Cushions<\/span><\/strong><\/a>.<strong><\/strong><\/p>\n<h2><strong>A gift that stands out<\/strong><\/h2>\n<div style=\"text-align: left;\">Complete your decor with practical pieces from <a rel=\"noopener\" href=\"https:\/\/kikibazaar.com\/collections\/serveware\"><strong><span>Serveware<\/span><\/strong><\/a> and <a rel=\"noopener\" href=\"https:\/\/kikibazaar.com\/collections\/drinking-glasses-tumblers\"><strong><span>Drinking<\/span><span> Glasses<\/span><span> &amp; Tumblers<\/span><\/strong><\/a>. Unique accents like those from <a rel=\"noopener\" href=\"https:\/\/kikibazaar.com\/collections\/sea-life-collection\"><strong><span>Sea<\/span><span> Life<\/span><span> Collection<\/span><\/strong><\/a> or <a rel=\"noopener\" href=\"https:\/\/kikibazaar.com\/collections\/objects-ornaments\"><strong><span>Objects<\/span><span> &amp; Ornaments<\/span><\/strong><\/a> are perfect for elevating your space.<\/div>  \n  \n \n  \n  \n\n  \n\n  \n\n<\/div>\n\n<\/body>\n<\/html>"}}},"order":["main","heading_template","collections_list_WaAe7i","93f065bf-7fc8-4471-a2fb-c6d06598534c","sidebar","custom_liquid_RgBFFX"]}