{"sections":{"main":{"type":"main-collection","blocks":{"61521bb9-8203-40bd-bb9d-874f11185c3e":{"type":"filter","disabled":true,"settings":{"style_filters":"area"}},"0f0d1296-cb2e-415d-8df4-c4bb3d017b85":{"type":"layout","disabled":true,"settings":{}},"016b0bca-1024-416d-be1d-9c639de096e7":{"type":"sortby","disabled":true,"settings":{}}},"block_order":["61521bb9-8203-40bd-bb9d-874f11185c3e","0f0d1296-cb2e-415d-8df4-c4bb3d017b85","016b0bca-1024-416d-be1d-9c639de096e7"],"disabled":true,"settings":{"show_desc":true,"position_desc":"2","product_des":"1","rating_pos":"1","list_color_pos":"1","list_size_pos":"1","show_vendor":false,"use_cdt":false,"image_ratio":"ratio1_1","image_size":"contain","image_position":"8","content_align":"default","limit":16,"enable_listing":true,"enable_listing_default":false,"col_dk":"4","col_tb":"3","col_mb":"2","space_h_item":"20","space_v_item":"30","space_h_item_tb":"20","space_v_item_tb":"20","space_h_item_mb":"8","space_v_item_mb":"8","layout_des":"1","use_pagination":"default","enable_bar_lm":true,"btn_icon":false,"btn_rounded":false,"button_style":"default","btns_size":"large","btns_cl":"dark","button_effect":"default","btn_pos":"t4s-text-center","type_filters":"facets","layout":"t4s-container-wrap","cl_bg":"","cl_bg_gradient":"","mg":",,50px,","pd":"","mg_tb":",,30px,","pd_tb":"","mg_mb":",,,,","pd_mb":""}},"heading_template":{"type":"collection-heading-template","blocks":{"07c155bb-29b8-4a2f-a7cf-bf0bd1099c54":{"type":"1","settings":{"fontf":"3","text_cl":"#0b0b0b","text_fs":40,"text_lh":53,"text_fw":400,"text_ls":0,"font_italic":false,"font_uppercase":false,"text_shadow":false,"mgb":0,"text_fs_tb":28,"text_lh_tb":30,"text_ls_tb":0,"mgb_tb":0,"hidden_mobile":false,"text_fs_mb":30,"text_lh_mb":30,"text_ls_mb":0,"mgb_mb":0,"text_cl_trans":"#ffffff"}},"86f8fa15-894b-423d-adba-1a3d5cf8d9a2":{"type":"3","settings":{"breadcrumb_color":"#ffbb00","breadcrumb_color_link":"#000000","brc_mgb":30,"breadcrumb_cl_trans":"#e6e6e6","breadcrumb_color_link_trans":"#0b0b0b"}},"4_ddpUxU":{"type":"4","disabled":true,"settings":{"design_des":"show_all","length":100,"view_more":false,"viewm_txt":"View more","fontf":"inherit","text_cl":"#000000","text_fs":14,"text_lh":22,"text_fw":300,"text_ls":0,"font_italic":false,"font_uppercase":false,"text_shadow":false,"mgb":0,"text_fs_tb":35,"text_lh_tb":46,"text_ls_tb":0,"mgb_tb":0,"hidden_mobile":false,"text_fs_mb":14,"text_lh_mb":17,"text_ls_mb":0,"mgb_mb":0,"text_cl_trans":"#ffffff"}}},"block_order":["07c155bb-29b8-4a2f-a7cf-bf0bd1099c54","86f8fa15-894b-423d-adba-1a3d5cf8d9a2","4_ddpUxU"],"settings":{"use_specify_image":false,"parallax":false,"color":"#ffffff","overlay":0,"padding_top":40,"padding_bottom":10,"mg_b":20,"padding_top_tb":20,"padding_bottom_tb":0,"mg_btb":0,"padding_top_mb":20,"padding_bottom_mb":20,"mg_bmb":0,"box_border":"top_bottom","bg_pos":"center center","bg_repeat":"repeat","bg_size":"auto","show_border":true,"cl_bd_trans":"#ffffff","border_cl_trans":15,"color_trans":"#000000","overlay_trans":0,"padding_top_trans":15,"padding_bottom_trans":2.5,"padding_top_tb_trans":20,"padding_bottom_tb_trans":27.5,"padding_top_mb_trans":0,"padding_bottom_mb_trans":0}},"collections_list_WaAe7i":{"type":"collections-list","blocks":{"collection_item_qGTrcm":{"type":"collection_item","settings":{"collection":"jugs-vases","image":"shopify:\/\/shop_images\/Gluggle-Jugs-Are-Back-Kiki-Bazaar.jpg","title":"","collection_badge":"","collection_link":"","show_count":false,"button_label":"Shop Now"}},"collection_item_eLAYAm":{"type":"collection_item","settings":{"collection":"dinnerware-ceramics","image":"shopify:\/\/shop_images\/Dinner-Sets-Plate-Sets-KikiBazaar.jpg","title":"Plates & Bowls","collection_badge":"","collection_link":"","show_count":false,"button_label":"Shop Now"}},"collection_item_bnPWdi":{"type":"collection_item","disabled":true,"settings":{"collection":"plates-and-bowls-sets","image":"shopify:\/\/shop_images\/IMG_2402.jpg","title":"Dinner Sets","collection_badge":"","collection_link":"","show_count":false,"button_label":"Shop Now"}},"collection_item_3BmYUM":{"type":"collection_item","settings":{"collection":"serveware","image":"shopify:\/\/shop_images\/LargeServingBowl-Fiestacloseup.jpg","title":"","collection_badge":"","collection_link":"","show_count":false,"button_label":"Shop Now"}},"collection_item_6xerWE":{"type":"collection_item","settings":{"collection":"objects-ornaments","image":"shopify:\/\/shop_images\/crabe-en-ceramique-rouge-i-decoration-murale-portugaise-crabe-en-ceramique-rouge-14189771325518.jpg","title":"","collection_badge":"","collection_link":"","show_count":false,"button_label":"Shop Now"}},"collection_item_ykG6cR":{"type":"collection_item","settings":{"collection":"cups-mugs","image":"shopify:\/\/shop_images\/IMG_4565.jpg","title":"Mugs","collection_badge":"","collection_link":"","show_count":false,"button_label":"Shop Now"}}},"block_order":["collection_item_qGTrcm","collection_item_eLAYAm","collection_item_bnPWdi","collection_item_3BmYUM","collection_item_6xerWE","collection_item_ykG6cR"],"settings":{"design_heading":"1","heading_center":true,"top_heading":"","top_subheading":"","tophead_mb":30,"tophead_mb_tb":30,"tophead_mb_mb":25,"heading_inline":false,"heading_width":"small","collection_des":"2","title_fs":22,"title_fw":400,"item_content_rd":0,"item_cl":"","pri_cl":"#ffffff","second_cl":"#000000","pri_hover_cl":"#000000","second_hover_cl":"#ffffff","badge_cl":"#ffffff","badge_cl2":"#ea0000","content_align":"center","content_pos":"1","enable_bs_hover":false,"padding_inner":"","space_bottom":20,"space_bottom_tb":10,"space_bottom_mb":10,"content_width":140,"content_height":60,"content_width_tb":140,"content_height_tb":40,"content_width_mb":140,"content_height_mb":40,"open_link":"_self","item_rd":0,"img_effect":"none","b_effect":"none","image_ratio":"ratio1_1","image_size":"cover","image_position":"8","layout_des":"1","col_dk":"3","col_tb":"2","col_mb":"2","space_h_item":"30","space_v_item":"30","space_h_item_tb":"10","space_v_item_tb":"10","space_h_item_mb":"10","space_v_item_mb":"10","loop":true,"au_time":0,"au_hover":true,"freeScroll":false,"scrollbar":false,"center_slide":false,"nav_btn":false,"btn_pos":"in","btn_distance":15,"btn_vi":"hover","btn_owl":"default","btn_shape":"none","btn_cl":"dark","btn_size":"small","btn_hidden_mobile":false,"nav_dot":false,"dot_owl":"default","dots_cl":"dark","dots_round":true,"dots_space":10,"dots_position":"default","dots_bottom_pos":20,"dots_hidden_mobile":false,"head_btn_label":"Shop All","head_btn_url":"","head_button_style":"outline","head_btn_icon":true,"btn_rounded":false,"head_btns_size":"default","head_btns_cl":"dark","head_button_effect":"default","hidden_btn_mb":false,"head_slide_btn":false,"layout":"t4s-container-wrap","cl_bg":"","cl_bg_gradient":"","mg":",,50px,","pd":"","mg_tb":",,30px,","pd_tb":"","mg_mb":",,30px,","pd_mb":""}},"custom_liquid_3ndVRx":{"type":"custom-liquid","custom_css":["p {color: #000000;}"],"settings":{"custom_liquid":"<!DOCTYPE html>\n<html lang=\"en\">\n<head>\n  <meta charset=\"UTF-8\">\n  <title>Pottery and Ceramics Snippet<\/title>\n  <style>\n    \/* Center container if desired; adjust width as needed *\/\n    .content-container {\n      max-width: 700px;\n      margin: 0 auto;\n      padding: 16px;\n      font-family: Arial, sans-serif;\n    }\n\n    \/* Ensure bullets aren’t flush to the left screen edge *\/\n    .content-container ul {\n      list-style-type: disc;       \/* Keep the bullet style as discs *\/\n      list-style-position: inside; \/* Bullets align inside the container *\/\n      margin: 1em 0;               \/* Space above and below the list *\/\n      padding: 0;                  \/* Remove default list padding if desired *\/\n    }\n\n    \/* Optional: style list items for consistency *\/\n    .content-container li {\n      margin: 0.5em 0;\n    }\n\n    \/* Optional: style for headings, paragraphs, links, etc. *\/\n    .content-container h2 {\n      margin-top: 1.5em;\n    }\n    .content-container p {\n      margin: 1em 0;\n      line-height: 1.5;\n    }\n    .content-container a {\n      color: #3366cc;\n      text-decoration: none;\n    }\n  <\/style>\n<\/head>\n<body>\n\n<div class=\"content-container\">\n  <p><strong>Pottery and Ceramics<\/strong> are central to the offerings at Kiki Bazaar. From the bright hues of Portugal to the intricate designs of Spain, this collection celebrates craftsmanship and tradition. Our journey began in the Alentejo region of Portugal, where we sourced distinctive ceramics. Today, we proudly feature pieces from renowned artisans, including IvanRos from Córdoba, Spain, alongside Portuguese ceramics from Caldas da Rainha.<\/p>\n  <p>Bring life to your table with <strong>ceramic dinnerware sets<\/strong> or add charm to your home with <strong>decorative jugs and vases<\/strong>. Our collection includes <strong>hand-painted pottery<\/strong>, <strong>splatterware ceramics<\/strong>, and unique finds from Morocco and Japan. These pieces are perfect for enhancing both functionality and style in your space.<\/p>\n  \n  <h2><strong>Ceramic Collections and Homeware<\/strong><\/h2>\n  <p>Looking for complementary products? Pair your ceramics with <strong>woven fans<\/strong> or <strong>table dining accessories<\/strong> for a cohesive setup. Check out our\n    <a rel=\"noopener\" href=\"https:\/\/kikibazaar.com\/collections\/ivanros-ceramics\"><span>IvanRos ceramics<\/span><\/a>, featuring artistic bowls and plates. You’ll also love our\n    <a rel=\"noopener\" href=\"https:\/\/kikibazaar.com\/collections\/featured-spanish-ceramics\"><span>featured Spanish ceramics<\/span><\/a>, showcasing intricate patterns inspired by Iberian design.<\/p>\n  <p>Discover curated ceramics like \n    <a rel=\"noopener\" href=\"https:\/\/kikibazaar.com\/collections\/splatterware\"><span>splatterware<\/span><\/a> \n    or complete your collection with matching <strong>serveware<\/strong> from our \n    <a rel=\"noopener\" href=\"https:\/\/kikibazaar.com\/collections\/table-dining\"><span>table dining<\/span><\/a> section. \n    For modern decor, explore \n    <a rel=\"noopener\" href=\"https:\/\/kikibazaar.com\/collections\/jugs-vases\"><span>jugs and vases<\/span><\/a>, \n    perfect for your dining table or display shelf.\n  <\/p>\n  \n  <h2><strong>Home Styling Inspiration<\/strong><\/h2>\n  <p>Complete your decor with items that pair beautifully with pottery. Add texture to your space with \n    <a rel=\"noopener\" href=\"https:\/\/kikibazaar.com\/collections\/floor-mats\"><span>floor mats<\/span><\/a> \n    or explore our \n    <a rel=\"noopener\" href=\"https:\/\/kikibazaar.com\/collections\/rugs-mats\"><span>rugs and mats<\/span><\/a> \n    for a layered look. Wall spaces can be enhanced with pieces from our \n    <a rel=\"noopener\" href=\"https:\/\/kikibazaar.com\/collections\/prints-wall-art\"><span>prints and wall art<\/span><\/a> \n    or \n    <a rel=\"noopener\" href=\"https:\/\/kikibazaar.com\/collections\/woven-fans-wall-art\"><span>woven fans<\/span><\/a>.\n  <\/p>\n  \n  <hr>\n  <h2><strong>Why Shop at Kiki Bazaar?<\/strong><\/h2>\n  <p>We offer pottery and ceramics from celebrated artisans, ensuring high quality and originality. Alongside our ceramics, explore additional collections:<\/p>\n  \n  <ul>\n    <li><a rel=\"noopener\" href=\"https:\/\/kikibazaar.com\/collections\/beach-outdoor\"><span>Beach and Outdoor accessories<\/span><\/a><\/li>\n    <li><a rel=\"noopener\" href=\"https:\/\/kikibazaar.com\/collections\/drinking-glasses-tumblers\"><span>Drinking Glasses and Tumblers<\/span><\/a><\/li>\n    <li><a rel=\"noopener\" href=\"https:\/\/kikibazaar.com\/collections\/lighting\"><span>Lighting for modern decor<\/span><\/a><\/li>\n    <li><a rel=\"noopener\" href=\"https:\/\/kikibazaar.com\/collections\/bags-baskets\"><span>Bags and Baskets<\/span><\/a> for added storage<\/li>\n  <\/ul>\n  \n  <p>Each piece in our collection tells a story of tradition and craftsmanship. Shop our range today and discover timeless pieces that suit any home.<\/p>\n<\/div>\n\n<\/body>\n<\/html>"}},"93f065bf-7fc8-4471-a2fb-c6d06598534c":{"type":"hero-image","blocks":{"template--20125075800385__93f065bf-7fc8-4471-a2fb-c6d06598534c-custom_text-1":{"type":"custom_text","disabled":true,"settings":{"text":"TEST COLLECTIONS SUBTITLE","remove_br_tag":false,"tag":"p","fontf":"inherit","text_cl":"#ffffff","text_fs":16,"text_lh":0,"text_fw":400,"text_ls":1,"mgb":15,"font_italic":false,"text_shadow":false,"text_fs_tb":16,"text_lh_tb":0,"text_ls_tb":0,"mgb_tb":10,"hidden_mobile":false,"text_fs_mb":16,"text_lh_mb":0,"text_ls_mb":0,"mgb_mb":10,"animation":"none"}},"template--20125075800385__93f065bf-7fc8-4471-a2fb-c6d06598534c-custom_text-2":{"type":"custom_text","disabled":true,"settings":{"text":"TEST COLLECTION HEADING","remove_br_tag":false,"tag":"p","fontf":"inherit","text_cl":"#ffffff","text_fs":50,"text_lh":70,"text_fw":300,"text_ls":0,"mgb":25,"font_italic":false,"text_shadow":false,"text_fs_tb":16,"text_lh_tb":0,"text_ls_tb":0,"mgb_tb":10,"hidden_mobile":false,"text_fs_mb":16,"text_lh_mb":0,"text_ls_mb":0,"mgb_mb":10,"animation":"none"}},"template--20125075800385__93f065bf-7fc8-4471-a2fb-c6d06598534c-custom_button-1":{"type":"custom_button","disabled":true,"settings":{"button_text":"Button label","button_link":"","target_link":"_self","fontf":"inherit","button_style":"default","icon_style":"1","button_icon_w":0,"border_w":1,"button_effect":"default","pri_cl":"#222222","second_cl":"#ffffff","pri_cl_hover":"#0ec1ae","second_cl_hover":"#ffffff","fsbutton":14,"fwbutton":400,"button_ls":0,"button_mh":42,"button_bdr":0,"button_pd_lr":20,"mgb":0,"button_icon_w_tb":0,"fsbutton_tb":12,"button_mh_tb":36,"button_pd_lr_tb":15,"button_ls_tb":0,"mgb_tb":0,"hidden_mobile":false,"button_icon_w_mb":0,"fsbutton_mb":10,"button_mh_mb":36,"button_pd_lr_mb":15,"button_ls_mb":0,"mgb_mb":0,"animation":"none"}}},"block_order":["template--20125075800385__93f065bf-7fc8-4471-a2fb-c6d06598534c-custom_text-1","template--20125075800385__93f065bf-7fc8-4471-a2fb-c6d06598534c-custom_text-2","template--20125075800385__93f065bf-7fc8-4471-a2fb-c6d06598534c-custom_button-1"],"disabled":true,"settings":{"se_height":"t4s_ratioadapt_mix","custom_dk":true,"height_dk":400,"custom_tb":true,"height_tb":400,"custom_mb":true,"height_mb":250,"parallax":false,"image_position":"0","link_img1":"","open_link":"_blank","bottom_arrow":false,"bottom_arrow_style":"button","bottom_arrow_color":"light","bottom_arrow_pos":"2","text_align":"center","text_align_tb":"center","text_align_mb":"center","content_width":"auto","cv_pos":50,"ch_pos":50,"cv_pos_tb":50,"ch_pos_tb":50,"cv_pos_mb":50,"ch_pos_mb":50,"bg_overlay":"#000000","bg_opacity":0,"bg_content_cl":"#ffffff","bg_content_op":0,"content_pd_tb":15,"content_pd_lr":15,"content_pd_tb_tb":15,"content_pd_lr_tb":15,"content_pd_tb_mb":10,"content_pd_lr_mb":10,"border_bl":false,"br_color":"#222222","br_bg":"#ffffff","br_opacity":50,"br_style":"solid","br_pd":20,"br_pd_mb":10,"time_animation":1,"animation_delay":40,"layout":"t4s-container-fluid","cl_bg":"","cl_bg_gradient":"","mg":",,50px,","pd":"","mg_tb":",,50px,","pd_tb":"","mg_mb":",,30px,","pd_mb":""}},"sidebar":{"type":"sidebar-collection","blocks":{"cd6064d5-464c-431c-b47b-e363158ab8bd":{"type":"category","settings":{"heading":"Product Collections","cat_source":"1","cat_link_list":"","count":false}},"7ac6f497-c7ca-4dac-8f59-0084f052835e":{"type":"filter","settings":{}}},"block_order":["cd6064d5-464c-431c-b47b-e363158ab8bd","7ac6f497-c7ca-4dac-8f59-0084f052835e"],"settings":{"enable_drawer":false,"space":50,"size":"medium","br_style":"solid","brcolor":"#222222","sidebar_bdr":10,"sidebar_pd":10}}},"order":["main","heading_template","collections_list_WaAe7i","custom_liquid_3ndVRx","93f065bf-7fc8-4471-a2fb-c6d06598534c","sidebar"]}