{"sections":{"main":{"type":"main-collection","blocks":{"61521bb9-8203-40bd-bb9d-874f11185c3e":{"type":"filter","disabled":true,"settings":{"style_filters":"area"}},"0f0d1296-cb2e-415d-8df4-c4bb3d017b85":{"type":"layout","disabled":true,"settings":{}},"016b0bca-1024-416d-be1d-9c639de096e7":{"type":"sortby","disabled":true,"settings":{}}},"block_order":["61521bb9-8203-40bd-bb9d-874f11185c3e","0f0d1296-cb2e-415d-8df4-c4bb3d017b85","016b0bca-1024-416d-be1d-9c639de096e7"],"disabled":true,"settings":{"show_desc":true,"position_desc":"1","product_des":"1","rating_pos":"1","list_color_pos":"1","list_size_pos":"1","show_vendor":false,"use_cdt":false,"image_ratio":"ratio1_1","image_size":"contain","image_position":"8","content_align":"default","limit":16,"enable_listing":true,"enable_listing_default":false,"col_dk":"4","col_tb":"3","col_mb":"2","space_h_item":"20","space_v_item":"30","space_h_item_tb":"20","space_v_item_tb":"20","space_h_item_mb":"8","space_v_item_mb":"8","layout_des":"1","use_pagination":"default","enable_bar_lm":true,"btn_icon":false,"btn_rounded":false,"button_style":"default","btns_size":"large","btns_cl":"dark","button_effect":"default","btn_pos":"t4s-text-center","type_filters":"facets","layout":"t4s-container-wrap","cl_bg":"","cl_bg_gradient":"","mg":",,50px,","pd":"","mg_tb":",,30px,","pd_tb":"","mg_mb":",,,,","pd_mb":""}},"heading_template":{"type":"collection-heading-template","blocks":{"07c155bb-29b8-4a2f-a7cf-bf0bd1099c54":{"type":"1","settings":{"fontf":"3","text_cl":"#0b0b0b","text_fs":40,"text_lh":53,"text_fw":400,"text_ls":0,"font_italic":false,"font_uppercase":false,"text_shadow":false,"mgb":0,"text_fs_tb":28,"text_lh_tb":30,"text_ls_tb":0,"mgb_tb":0,"hidden_mobile":false,"text_fs_mb":30,"text_lh_mb":30,"text_ls_mb":0,"mgb_mb":0,"text_cl_trans":"#ffffff"}},"86f8fa15-894b-423d-adba-1a3d5cf8d9a2":{"type":"3","settings":{"breadcrumb_color":"#ffbb00","breadcrumb_color_link":"#000000","brc_mgb":30,"breadcrumb_cl_trans":"#e6e6e6","breadcrumb_color_link_trans":"#0b0b0b"}},"901ad316-b856-4264-8e30-5d22892d3bca":{"type":"5","disabled":true,"settings":{"source":"1","collection_list":[],"show_thumb_cl":false,"sort_collections":"alphabetical","hidden_mobile":false,"space_item":30,"fontf":"inherit","text_cl":"#000000","text_fs":14,"text_lh":36,"text_fw":400,"text_ls":0,"font_italic":false,"nav_btn":true,"custom_items":false,"col_dk":6,"col_tb":3,"col_mb":2,"text_cl_trans":"#ffffff"}},"4_ddpUxU":{"type":"4","disabled":true,"settings":{"design_des":"show_all","length":100,"view_more":false,"viewm_txt":"View more","fontf":"inherit","text_cl":"#000000","text_fs":14,"text_lh":22,"text_fw":300,"text_ls":0,"font_italic":false,"font_uppercase":false,"text_shadow":false,"mgb":0,"text_fs_tb":35,"text_lh_tb":46,"text_ls_tb":0,"mgb_tb":0,"hidden_mobile":false,"text_fs_mb":14,"text_lh_mb":17,"text_ls_mb":0,"mgb_mb":0,"text_cl_trans":"#ffffff"}}},"block_order":["07c155bb-29b8-4a2f-a7cf-bf0bd1099c54","86f8fa15-894b-423d-adba-1a3d5cf8d9a2","901ad316-b856-4264-8e30-5d22892d3bca","4_ddpUxU"],"settings":{"use_specify_image":false,"parallax":false,"color":"#ffffff","overlay":0,"padding_top":40,"padding_bottom":10,"mg_b":20,"padding_top_tb":20,"padding_bottom_tb":0,"mg_btb":0,"padding_top_mb":20,"padding_bottom_mb":20,"mg_bmb":0,"box_border":"top_bottom","bg_pos":"center center","bg_repeat":"repeat","bg_size":"auto","show_border":true,"cl_bd_trans":"#ffffff","border_cl_trans":15,"color_trans":"#000000","overlay_trans":0,"padding_top_trans":15,"padding_bottom_trans":2.5,"padding_top_tb_trans":20,"padding_bottom_tb_trans":27.5,"padding_top_mb_trans":0,"padding_bottom_mb_trans":0}},"collections_list_WaAe7i":{"type":"collections-list","blocks":{"collection_item_qGTrcm":{"type":"collection_item","settings":{"collection":"mats","image":"shopify:\/\/shop_images\/Diamanterugs-Pile2_82aa2313-8028-4076-b2f3-a1dccaa97d07.jpg","title":"","collection_badge":"","collection_link":"","show_count":false,"button_label":"Shop Now"}},"collection_item_eLAYAm":{"type":"collection_item","settings":{"collection":"medium-rugs","image":"shopify:\/\/shop_images\/IMG_1254_Large_bd4c9e5b-9bdd-4416-adac-d209f1c61dab.jpg","title":"","collection_badge":"","collection_link":"","show_count":false,"button_label":"Shop Now"}},"collection_item_3BmYUM":{"type":"collection_item","settings":{"collection":"large-rugs","image":"shopify:\/\/shop_images\/Classic-Recycled-Cotton-Rugs-Mats-Floor-Decor-Kiki-Bazaar.jpg","title":"","collection_badge":"","collection_link":"","show_count":false,"button_label":"Shop Now"}},"collection_item_6xerWE":{"type":"collection_item","settings":{"collection":"hall-runners","image":"shopify:\/\/shop_images\/Kiki-Runner-2024.jpg","title":"Runners","collection_badge":"","collection_link":"shopify:\/\/collections\/hall-runners","show_count":false,"button_label":"Shop Now"}},"collection_item_ykG6cR":{"type":"collection_item","disabled":true,"settings":{"collection":"","title":"","collection_badge":"","collection_link":"","show_count":false,"button_label":"Shop Now"}},"collection_item_9EqWQt":{"type":"collection_item","disabled":true,"settings":{"collection":"","title":"","collection_badge":"","collection_link":"","show_count":false,"button_label":"Shop Now"}}},"block_order":["collection_item_qGTrcm","collection_item_eLAYAm","collection_item_3BmYUM","collection_item_6xerWE","collection_item_ykG6cR","collection_item_9EqWQt"],"settings":{"design_heading":"2","heading_center":true,"top_heading":"","top_subheading":"","tophead_mb":30,"tophead_mb_tb":30,"tophead_mb_mb":25,"heading_inline":false,"heading_width":"small","collection_des":"2","title_fs":22,"title_fw":400,"item_content_rd":0,"item_cl":"","pri_cl":"#ffffff","second_cl":"#000000","pri_hover_cl":"#000000","second_hover_cl":"#ffffff","badge_cl":"#ffffff","badge_cl2":"#ea0000","content_align":"center","content_pos":"1","enable_bs_hover":false,"padding_inner":"","space_bottom":20,"space_bottom_tb":10,"space_bottom_mb":10,"content_width":140,"content_height":60,"content_width_tb":140,"content_height_tb":40,"content_width_mb":140,"content_height_mb":40,"open_link":"_self","item_rd":0,"img_effect":"none","b_effect":"none","image_ratio":"ratio1_1","image_size":"cover","image_position":"8","layout_des":"1","col_dk":"4","col_tb":"2","col_mb":"2","space_h_item":"30","space_v_item":"30","space_h_item_tb":"10","space_v_item_tb":"10","space_h_item_mb":"10","space_v_item_mb":"10","loop":true,"au_time":0,"au_hover":true,"freeScroll":false,"scrollbar":false,"center_slide":false,"nav_btn":false,"btn_pos":"in","btn_distance":15,"btn_vi":"hover","btn_owl":"default","btn_shape":"none","btn_cl":"dark","btn_size":"small","btn_hidden_mobile":false,"nav_dot":false,"dot_owl":"default","dots_cl":"dark","dots_round":true,"dots_space":10,"dots_position":"default","dots_bottom_pos":20,"dots_hidden_mobile":false,"head_btn_label":"Shop All","head_btn_url":"","head_button_style":"outline","head_btn_icon":true,"btn_rounded":false,"head_btns_size":"default","head_btns_cl":"dark","head_button_effect":"default","hidden_btn_mb":false,"head_slide_btn":false,"layout":"t4s-container-wrap","cl_bg":"","cl_bg_gradient":"","mg":",,50px,","pd":"","mg_tb":",,30px,","pd_tb":"","mg_mb":",,30px,","pd_mb":""}},"93f065bf-7fc8-4471-a2fb-c6d06598534c":{"type":"hero-image","blocks":{"template--20125075800385__93f065bf-7fc8-4471-a2fb-c6d06598534c-custom_text-1":{"type":"custom_text","disabled":true,"settings":{"text":"TEST COLLECTIONS SUBTITLE","remove_br_tag":false,"tag":"p","fontf":"inherit","text_cl":"#ffffff","text_fs":16,"text_lh":0,"text_fw":400,"text_ls":1,"mgb":15,"font_italic":false,"text_shadow":false,"text_fs_tb":16,"text_lh_tb":0,"text_ls_tb":0,"mgb_tb":10,"hidden_mobile":false,"text_fs_mb":16,"text_lh_mb":0,"text_ls_mb":0,"mgb_mb":10,"animation":"none"}},"template--20125075800385__93f065bf-7fc8-4471-a2fb-c6d06598534c-custom_text-2":{"type":"custom_text","disabled":true,"settings":{"text":"TEST COLLECTION HEADING","remove_br_tag":false,"tag":"p","fontf":"inherit","text_cl":"#ffffff","text_fs":50,"text_lh":70,"text_fw":300,"text_ls":0,"mgb":25,"font_italic":false,"text_shadow":false,"text_fs_tb":16,"text_lh_tb":0,"text_ls_tb":0,"mgb_tb":10,"hidden_mobile":false,"text_fs_mb":16,"text_lh_mb":0,"text_ls_mb":0,"mgb_mb":10,"animation":"none"}},"template--20125075800385__93f065bf-7fc8-4471-a2fb-c6d06598534c-custom_button-1":{"type":"custom_button","disabled":true,"settings":{"button_text":"Button label","button_link":"","target_link":"_self","fontf":"inherit","button_style":"default","icon_style":"1","button_icon_w":0,"border_w":1,"button_effect":"default","pri_cl":"#222222","second_cl":"#ffffff","pri_cl_hover":"#0ec1ae","second_cl_hover":"#ffffff","fsbutton":14,"fwbutton":400,"button_ls":0,"button_mh":42,"button_bdr":0,"button_pd_lr":20,"mgb":0,"button_icon_w_tb":0,"fsbutton_tb":12,"button_mh_tb":36,"button_pd_lr_tb":15,"button_ls_tb":0,"mgb_tb":0,"hidden_mobile":false,"button_icon_w_mb":0,"fsbutton_mb":10,"button_mh_mb":36,"button_pd_lr_mb":15,"button_ls_mb":0,"mgb_mb":0,"animation":"none"}}},"block_order":["template--20125075800385__93f065bf-7fc8-4471-a2fb-c6d06598534c-custom_text-1","template--20125075800385__93f065bf-7fc8-4471-a2fb-c6d06598534c-custom_text-2","template--20125075800385__93f065bf-7fc8-4471-a2fb-c6d06598534c-custom_button-1"],"disabled":true,"settings":{"se_height":"t4s_ratioadapt_mix","custom_dk":true,"height_dk":400,"custom_tb":true,"height_tb":400,"custom_mb":true,"height_mb":250,"parallax":false,"image_position":"0","link_img1":"","open_link":"_blank","bottom_arrow":false,"bottom_arrow_style":"button","bottom_arrow_color":"light","bottom_arrow_pos":"2","text_align":"center","text_align_tb":"center","text_align_mb":"center","content_width":"auto","cv_pos":50,"ch_pos":50,"cv_pos_tb":50,"ch_pos_tb":50,"cv_pos_mb":50,"ch_pos_mb":50,"bg_overlay":"#000000","bg_opacity":0,"bg_content_cl":"#ffffff","bg_content_op":0,"content_pd_tb":15,"content_pd_lr":15,"content_pd_tb_tb":15,"content_pd_lr_tb":15,"content_pd_tb_mb":10,"content_pd_lr_mb":10,"border_bl":false,"br_color":"#222222","br_bg":"#ffffff","br_opacity":50,"br_style":"solid","br_pd":20,"br_pd_mb":10,"time_animation":1,"animation_delay":40,"layout":"t4s-container-fluid","cl_bg":"","cl_bg_gradient":"","mg":",,50px,","pd":"","mg_tb":",,50px,","pd_tb":"","mg_mb":",,30px,","pd_mb":""}},"sidebar":{"type":"sidebar-collection","blocks":{"cd6064d5-464c-431c-b47b-e363158ab8bd":{"type":"category","settings":{"heading":"Product Collections","cat_source":"1","cat_link_list":"","count":false}},"7ac6f497-c7ca-4dac-8f59-0084f052835e":{"type":"filter","settings":{}}},"block_order":["cd6064d5-464c-431c-b47b-e363158ab8bd","7ac6f497-c7ca-4dac-8f59-0084f052835e"],"settings":{"enable_drawer":false,"space":50,"size":"medium","br_style":"solid","brcolor":"#222222","sidebar_bdr":10,"sidebar_pd":10}},"custom_liquid_RgBFFX":{"type":"custom-liquid","custom_css":["p {color: black;}"],"settings":{"custom_liquid":"<!DOCTYPE html>\n<html lang=\"en\">\n<head>\n  <meta charset=\"UTF-8\">\n  <title>Rugs & Mats Snippet<\/title>\n  <style>\n    \/* Container to center the content and control width *\/\n    .content-container {\n      max-width: 700px;\n      margin: 0 auto;\n      padding: 16px;\n      font-family: Arial, sans-serif;\n      text-align: left;\n    }\n\n    \/* Headings, paragraphs, and link styling *\/\n    .content-container h2 {\n      margin-top: 1.5em;\n    }\n    .content-container p {\n      line-height: 1.5;\n      margin: 1em 0;\n    }\n    .content-container a {\n      color: #3366cc;\n      text-decoration: none;\n    }\n\n    \/* Adjusting bullet points so they’re not on the extreme left *\/\n    .content-container ul {\n      list-style-type: disc;        \n      list-style-position: inside;  \n      margin: 1em 0;\n      padding: 0;\n    }\n    .content-container li {\n      margin-bottom: 0.5em;\n    }\n  <\/style>\n<\/head>\n<body>\n\n<div class=\"content-container\">\n  <p>Rugs &amp; Mats bring style and function to every space in your home. Whether you’re decorating your living room, bedroom, or hallway, our collection of handmade cotton rugs and mats offers a wide variety of designs, colors, and sizes. Crafted with care, these mats are perfect for adding texture and comfort to any floor.<\/p>\n  \n  <p>Browse our <strong>Cotton Floor Mat Oatmeal Black Stripe<\/strong> for a neutral yet elegant touch, or try the <strong>Large Floor Rug Multicolour Stripe<\/strong> for a bold statement. Discover the <strong>Cotton Floor Mat Charcoal<\/strong> and the <strong>Cotton Floor Mat Khaki Squares<\/strong>, which combine durability and aesthetics. Need something larger? Check out our <strong>Large Runner Navy White Black Zigzag<\/strong> or the <strong>Large Floor Rug Rainbow Confetti<\/strong> for spacious coverage.<\/p>\n  \n  <h2>Explore More for Every Corner<\/h2>\n  <p>Complement your rugs and mats with unique <strong>Sarongs &amp; Pareos<\/strong> or <strong>Beach &amp; Outdoor Accessories<\/strong> for versatile home and leisure solutions. Looking for decorative pieces? Pair your rugs with <strong>Art Prints<\/strong> or <strong>Woven Fans &amp; Wall Art<\/strong> to complete your space.<\/p>\n  \n  <h2>Handmade Quality Meets Everyday Function<\/h2>\n  <p>Every rug in our collection is woven from durable cotton, ensuring they stand the test of time. For a minimalist look, opt for the <strong>Medium Floor Rug Pastels White Confetti<\/strong>, perfect for bedrooms or smaller living areas. Enhance your entryway with our <strong>Hall Runners<\/strong> collection, or find the perfect <strong>Floor Mats<\/strong> for high-traffic zones.<\/p>\n  <p>Complete your table setting with <strong>Table &amp; Dining essentials<\/strong> or <strong>Splatterware<\/strong>, and tie the look together with stylish <strong>Cushions<\/strong>.<\/p>\n  \n  <h2>Versatile Designs for Your Home<\/h2>\n  <p>For bold interiors, check out <strong>Large Rugs<\/strong> and <strong>Medium Rugs<\/strong>. Pair them with <strong>Objects &amp; Ornaments<\/strong> or <strong>Jugs &amp; Vases<\/strong> for a cohesive aesthetic. Shop lightweight <strong>Lighting<\/strong> options to illuminate your newly decorated rooms.<\/p>\n  \n  <h2>Why Choose Rugs &amp; Mats from Kikibazaar?<\/h2>\n  <ul>\n    <li>Handwoven from sustainable cotton<\/li>\n    <li>Stylish designs with versatile applications<\/li>\n    <li>Ideal for living rooms, bedrooms, kitchens, and hallways<\/li>\n  <\/ul>\n  \n  <p>Shop our <strong>Rugs &amp; Mats<\/strong> collection to refresh your home’s interiors with handcrafted quality. Whether you need <strong>Jewellery<\/strong>, <strong>Serveware<\/strong>, or <strong>Frames<\/strong>, Kikibazaar has something for everyone.<\/p>\n<\/div>\n\n<\/body>\n<\/html>"}}},"order":["main","heading_template","collections_list_WaAe7i","93f065bf-7fc8-4471-a2fb-c6d06598534c","sidebar","custom_liquid_RgBFFX"]}