{"sections":{"custom_line_pJbF4E":{"type":"custom-line","disabled":true,"settings":{"line_style":"solid","line_width":100,"line_height":2,"line_cl":"#000000","line_pos":"t4s-text-start","layout":"t4s-container-wrap","mg":",,54px,","mg_tb":",,30px,","mg_mb":",,30px,"}},"collections_with_banner_rWh7Xh":{"type":"collections-with-banner","blocks":{"b_item_6RCtaE":{"type":"b_item","disabled":true,"settings":{"image":"shopify:\/\/shop_images\/Kikis-Gifting-Collage-2025.jpg","image_size":"contain","image_position":"cener","b_link":"","open_link":"_self","img_effect":"none","b_effect":"none","content_align":"center","content_align_tb":"center","content_align_mb":"center","content_width":"t4s-content-auto","custom_height":380,"cv_pos":50,"ch_pos":50,"cv_pos_tb":50,"ch_pos_tb":50,"cv_pos_mb":50,"ch_pos_mb":50,"bg_overlay":"#000000","bg_opacity":0,"bg_content_bl":false,"bg_content_cl":"#ffffff","bg_content_op":50,"content_pd_tb":20,"content_pd_lr":20,"content_pd_tb_mb":20,"content_pd_lr_mb":10,"border_bl":false,"br_color":"#222222","br_bg":"#ffffff","br_opacity":50,"br_style":"solid","br_pd":20,"br_pd_mb":10,"time_animation":1,"animation_delay":40}},"custom_text_aVwPWk":{"type":"custom_text","disabled":true,"settings":{"text":"Jacket Season Has <br> Officially","remove_br_tag":false,"tag":"p","fontf":"inherit","text_cl":"#ffffff","text_fs":32,"text_lh":0,"text_fw":400,"text_ls":0,"font_italic":false,"text_shadow":false,"mgb":15,"text_fs_tb":16,"text_lh_tb":0,"text_ls_tb":0,"mgb_tb":10,"hidden_mobile":false,"text_fs_mb":16,"text_lh_mb":0,"text_ls_mb":0,"mgb_mb":10,"animation":"none"}},"custom_button_4pHHzC":{"type":"custom_button","disabled":true,"settings":{"button_text":"EXPLORE COLLECTION","button_link":"","target_link":"_self","fontf":"inherit","button_style":"default","icon_style":"1","button_icon_w":0,"border_w":1,"button_effect":"fade","pri_cl":"#000000","second_cl":"#ffffff","pri_cl_hover":"#0ec1ae","second_cl_hover":"#ffffff","fsbutton":14,"fwbutton":400,"button_ls":0,"button_mh":42,"button_bdr":0,"button_pd_lr":30,"mgb":0,"button_icon_w_tb":0,"fsbutton_tb":12,"button_mh_tb":36,"button_pd_lr_tb":15,"button_ls_tb":0,"mgb_tb":0,"hidden_mobile":false,"button_icon_w_mb":0,"fsbutton_mb":12,"button_mh_mb":36,"button_pd_lr_mb":15,"button_ls_mb":0,"mgb_mb":0,"animation":"none"}},"collection_parent_KFyUeX":{"type":"collection_parent","settings":{"collection_des":"10","title_fs":16,"title_fw":400,"item_content_rd":0,"pri_cl":"#ffffff","second_cl":"#333333","pri_hover_cl":"#000000","second_hover_cl":"#ffffff","badge_cl":"#ffffff","badge_cl2":"#ea0000","content_align":"center","content_pos":"1","space_bottom":0,"space_bottom_tb":10,"space_bottom_mb":10,"content_width":140,"content_height":40,"content_width_tb":140,"content_height_tb":40,"content_width_mb":70,"content_height_mb":30,"open_link":"_self","item_rd":0,"img_effect":"none","b_effect":"none","image_ratio":"ratio1_1","image_size":"cover","image_position":"8","col_dk":"2","col_tb":"2","col_mb":"2","space_h_item":"30","space_v_item":"30","space_h_item_tb":"20","space_v_item_tb":"20","space_h_item_mb":"10","space_v_item_mb":"10"}},"collection_item_WrcTKi":{"type":"collection_item","settings":{"collection":"botanical-ceramics","image":"shopify:\/\/shop_images\/XLServingBowl-Botanical2.jpg","title":"","collection_badge":"","collection_link":"","button_label":"Shop Now"}},"collection_item_NtgcMQ":{"type":"collection_item","settings":{"collection":"fiesta-ceramics","image":"shopify:\/\/shop_images\/XLServingBowl-Fiestacloseup_adf1e549-bf54-442d-98dc-42151c4a1c1e.jpg","title":"","collection_badge":"","collection_link":"","button_label":"Shop Now"}},"collection_item_yq8MgW":{"type":"collection_item","settings":{"collection":"sea-spray-ceramics","image":"shopify:\/\/shop_images\/Vase_pair_-_Sea_Spray.jpg","title":"","collection_badge":"","collection_link":"","button_label":"Shop Now"}},"collection_item_CzFdqe":{"type":"collection_item","settings":{"collection":"objects-ornaments","image":"shopify:\/\/shop_images\/crabe-en-ceramique-rouge-i-decoration-murale-portugaise-crabe-en-ceramique-rouge-14189775814734.jpg","title":"Sea Life","collection_badge":"","collection_link":"","button_label":"Shop Now"}}},"block_order":["b_item_6RCtaE","custom_text_aVwPWk","custom_button_4pHHzC","collection_parent_KFyUeX","collection_item_WrcTKi","collection_item_NtgcMQ","collection_item_yq8MgW","collection_item_CzFdqe"],"disabled":true,"name":"Hero Ceramics Ranges","settings":{"banner_pos":"left","space_h_item":"30","space_v_item":"30","space_h_item_tb":"20","space_v_item_tb":"20","space_h_item_mb":"10","space_v_item_mb":"10","layout":"t4s-se-container","cl_bg":"#ffffff","cl_bg_gradient":"","mg":",,50px,","pd":",,10px,","mg_tb":",,50px,","pd_tb":"","mg_mb":",,30px,","pd_mb":""}},"collections_with_banner_KpXhxx":{"type":"collections-with-banner","blocks":{"b_item_gkHD6L":{"type":"b_item","settings":{"image":"shopify:\/\/shop_images\/Kikis-Gifting-Collage-2025.jpg","image_size":"contain","image_position":"cener","b_link":"","open_link":"_self","img_effect":"none","b_effect":"none","content_align":"center","content_align_tb":"center","content_align_mb":"center","content_width":"t4s-content-auto","custom_height":380,"cv_pos":50,"ch_pos":50,"cv_pos_tb":50,"ch_pos_tb":50,"cv_pos_mb":50,"ch_pos_mb":50,"bg_overlay":"#000000","bg_opacity":0,"bg_content_bl":false,"bg_content_cl":"#ffffff","bg_content_op":50,"content_pd_tb":20,"content_pd_lr":20,"content_pd_tb_mb":20,"content_pd_lr_mb":10,"border_bl":false,"br_color":"#222222","br_bg":"#ffffff","br_opacity":50,"br_style":"solid","br_pd":20,"br_pd_mb":10,"time_animation":1,"animation_delay":40}},"custom_text_bRadTp":{"type":"custom_text","disabled":true,"settings":{"text":"Jacket Season Has <br> Officially","remove_br_tag":false,"tag":"p","fontf":"inherit","text_cl":"#ffffff","text_fs":32,"text_lh":0,"text_fw":400,"text_ls":0,"font_italic":false,"text_shadow":false,"mgb":15,"text_fs_tb":16,"text_lh_tb":0,"text_ls_tb":0,"mgb_tb":10,"hidden_mobile":false,"text_fs_mb":16,"text_lh_mb":0,"text_ls_mb":0,"mgb_mb":10,"animation":"none"}},"custom_button_DVA9p4":{"type":"custom_button","disabled":true,"settings":{"button_text":"EXPLORE COLLECTION","button_link":"","target_link":"_self","fontf":"inherit","button_style":"default","icon_style":"1","button_icon_w":0,"border_w":1,"button_effect":"fade","pri_cl":"#000000","second_cl":"#ffffff","pri_cl_hover":"#0ec1ae","second_cl_hover":"#ffffff","fsbutton":14,"fwbutton":400,"button_ls":0,"button_mh":42,"button_bdr":0,"button_pd_lr":30,"mgb":0,"button_icon_w_tb":0,"fsbutton_tb":12,"button_mh_tb":36,"button_pd_lr_tb":15,"button_ls_tb":0,"mgb_tb":0,"hidden_mobile":false,"button_icon_w_mb":0,"fsbutton_mb":12,"button_mh_mb":36,"button_pd_lr_mb":15,"button_ls_mb":0,"mgb_mb":0,"animation":"none"}},"collection_parent_7nzxGK":{"type":"collection_parent","settings":{"collection_des":"1","title_fs":16,"title_fw":400,"item_content_rd":0,"pri_cl":"#ffffff","second_cl":"#ffbb00","pri_hover_cl":"#000000","second_hover_cl":"#ffffff","badge_cl":"#ffffff","badge_cl2":"#ea0000","content_align":"center","content_pos":"1","space_bottom":0,"space_bottom_tb":10,"space_bottom_mb":10,"content_width":140,"content_height":40,"content_width_tb":140,"content_height_tb":40,"content_width_mb":70,"content_height_mb":30,"open_link":"_self","item_rd":0,"img_effect":"none","b_effect":"none","image_ratio":"ratio1_1","image_size":"cover","image_position":"8","col_dk":"2","col_tb":"2","col_mb":"2","space_h_item":"30","space_v_item":"30","space_h_item_tb":"20","space_v_item_tb":"20","space_h_item_mb":"10","space_v_item_mb":"10"}},"collection_item_kBnfLf":{"type":"collection_item","settings":{"collection":"gifts-under-60","image":"shopify:\/\/shop_images\/Tiles_-_Green_cropped.png","title":"Gifts under $60","collection_badge":"","collection_link":"","button_label":"Shop Now"}},"collection_item_kKkFUx":{"type":"collection_item","settings":{"collection":"gifts-under-100","title":"Gifts under $100","collection_badge":"","collection_link":"","button_label":"Shop Now"}},"collection_item_eWcbzg":{"type":"collection_item","settings":{"collection":"gifts-under-200","image":"shopify:\/\/shop_images\/Kikis-xmas-Gifts-under-200.png","title":"","collection_badge":"","collection_link":"","button_label":"Shop Now"}},"collection_item_ErpRMH":{"type":"collection_item","settings":{"collection":"clearance","image":"shopify:\/\/shop_images\/janus_tote2_1997x1997Large.jpg","title":"Summer Sale","collection_badge":"","collection_link":"","button_label":"Shop Now"}}},"block_order":["b_item_gkHD6L","custom_text_bRadTp","custom_button_DVA9p4","collection_parent_7nzxGK","collection_item_kBnfLf","collection_item_kKkFUx","collection_item_eWcbzg","collection_item_ErpRMH"],"disabled":true,"name":"Gifting Hero + Collections","settings":{"banner_pos":"left","space_h_item":"30","space_v_item":"30","space_h_item_tb":"20","space_v_item_tb":"20","space_h_item_mb":"10","space_v_item_mb":"10","layout":"t4s-se-container","cl_bg":"#ffffff","cl_bg_gradient":"","mg":",,50px,","pd":",,10px,","mg_tb":",,50px,","pd_tb":"","mg_mb":",,30px,","pd_mb":""}},"collections_list_6TDFVC":{"type":"collections-list","blocks":{"collection_item_HAYpbp":{"type":"collection_item","settings":{"collection":"the-best-of-summer","image":"shopify:\/\/shop_images\/Kiki-Hey-Summer-2026_ba8e3853-f872-418e-94cf-05942f5f08be.jpg","title":"Summer's Best","collection_badge":"","collection_link":"","show_count":false,"button_label":"Shop Now"}},"collection_item_4QBY6k":{"type":"collection_item","settings":{"collection":"art-prints","image":"shopify:\/\/shop_images\/110368-SanderPatelski-AlbertFreyTheCreeHouse1955_3.jpg","title":"Art Prints","collection_badge":"","collection_link":"","show_count":false,"button_label":"Shop Now"}},"collection_item_zEPmKQ":{"type":"collection_item","name":"Hero Collection","settings":{"collection":"","image":"shopify:\/\/shop_images\/Mega_Blue_cropped-Kiki-Bazaar.jpg","title":"Sarongs - 2 for $99","collection_badge":"","collection_link":"shopify:\/\/collections\/sarongs-pareos","show_count":false,"button_label":"Shop Now"}},"collection_item_YV4aWj":{"type":"collection_item","settings":{"collection":"jugs-vases","image":"shopify:\/\/shop_images\/Gluggle-Jugs-Are-Back-Kiki-Bazaar.jpg","title":"","collection_badge":"","collection_link":"","show_count":false,"button_label":"Shop Now"}},"collection_item_aYjVA4":{"type":"collection_item","disabled":true,"settings":{"collection":"woven-fans-wall-art","title":"Bolga Fans","collection_badge":"","collection_link":"","show_count":false,"button_label":"Shop Now"}}},"block_order":["collection_item_HAYpbp","collection_item_4QBY6k","collection_item_zEPmKQ","collection_item_YV4aWj","collection_item_aYjVA4"],"name":"Top 4 Collections","settings":{"design_heading":"1","heading_center":true,"top_heading":"","top_subheading":"","tophead_mb":30,"tophead_mb_tb":30,"tophead_mb_mb":25,"heading_inline":false,"heading_width":"small","collection_des":"12","title_fs":18,"title_fw":100,"item_content_rd":5,"item_cl":"","pri_cl":"#ffffff","second_cl":"#000000","pri_hover_cl":"#000000","second_hover_cl":"#ffffff","badge_cl":"#ffffff","badge_cl2":"#ea0000","content_align":"center","content_pos":"1","enable_bs_hover":false,"padding_inner":"","space_bottom":20,"space_bottom_tb":10,"space_bottom_mb":10,"content_width":110,"content_height":52,"content_width_tb":140,"content_height_tb":40,"content_width_mb":90,"content_height_mb":30,"open_link":"_self","item_rd":0,"img_effect":"none","b_effect":"none","image_ratio":"rationt","image_size":"cover","image_position":"8","layout_des":"1","col_dk":"2","col_tb":"2","col_mb":"2","space_h_item":"30","space_v_item":"30","space_h_item_tb":"10","space_v_item_tb":"10","space_h_item_mb":"6","space_v_item_mb":"6","loop":true,"au_time":0,"au_hover":true,"freeScroll":false,"scrollbar":false,"center_slide":false,"nav_btn":false,"btn_pos":"in","btn_distance":15,"btn_vi":"hover","btn_owl":"default","btn_shape":"none","btn_cl":"dark","btn_size":"small","btn_hidden_mobile":false,"nav_dot":false,"dot_owl":"default","dots_cl":"dark","dots_round":true,"dots_space":10,"dots_position":"default","dots_bottom_pos":20,"dots_hidden_mobile":false,"head_btn_label":"Shop All","head_btn_url":"","head_button_style":"outline","head_btn_icon":true,"btn_rounded":false,"head_btns_size":"default","head_btns_cl":"dark","head_button_effect":"default","hidden_btn_mb":false,"head_slide_btn":false,"layout":"t4s-container-wrap","cl_bg":"","cl_bg_gradient":"","mg":",,50px,","pd":"","mg_tb":",,30px,","pd_tb":"","mg_mb":",,30px,","pd_mb":""}},"hero_image_7GF6G7":{"type":"hero-image","blocks":{"custom_text_LeVECa":{"type":"custom_text","settings":{"text":"","remove_br_tag":false,"tag":"p","fontf":"inherit","text_cl":"#ffffff","text_fs":16,"text_lh":0,"text_fw":400,"text_ls":1,"mgb":15,"font_italic":false,"text_shadow":false,"text_fs_tb":16,"text_lh_tb":0,"text_ls_tb":0,"mgb_tb":10,"hidden_mobile":false,"text_fs_mb":16,"text_lh_mb":0,"text_ls_mb":0,"mgb_mb":10,"animation":"none"}},"custom_text_m39cqg":{"type":"custom_text","disabled":true,"settings":{"text":"","remove_br_tag":false,"tag":"p","fontf":"inherit","text_cl":"#ffffff","text_fs":70,"text_lh":70,"text_fw":300,"text_ls":0,"mgb":25,"font_italic":false,"text_shadow":false,"text_fs_tb":16,"text_lh_tb":0,"text_ls_tb":0,"mgb_tb":10,"hidden_mobile":false,"text_fs_mb":16,"text_lh_mb":0,"text_ls_mb":0,"mgb_mb":10,"animation":"none"}},"custom_button_XUMJBD":{"type":"custom_button","disabled":true,"settings":{"button_text":"Button label","button_link":"","target_link":"_self","fontf":"inherit","button_style":"default","icon_style":"1","button_icon_w":0,"border_w":1,"button_effect":"default","pri_cl":"#222222","second_cl":"#ffffff","pri_cl_hover":"#0ec1ae","second_cl_hover":"#ffffff","fsbutton":14,"fwbutton":400,"button_ls":0,"button_mh":42,"button_bdr":0,"button_pd_lr":20,"mgb":0,"button_icon_w_tb":0,"fsbutton_tb":12,"button_mh_tb":36,"button_pd_lr_tb":15,"button_ls_tb":0,"mgb_tb":0,"hidden_mobile":false,"button_icon_w_mb":0,"fsbutton_mb":10,"button_mh_mb":36,"button_pd_lr_mb":15,"button_ls_mb":0,"mgb_mb":0,"animation":"none"}}},"block_order":["custom_text_LeVECa","custom_text_m39cqg","custom_button_XUMJBD"],"disabled":true,"name":"Banner-Comms","settings":{"se_height":"t4s_ratio_fh","custom_dk":true,"height_dk":100,"custom_tb":true,"height_tb":80,"custom_mb":true,"height_mb":40,"image":"shopify:\/\/shop_images\/Instagram_post_-_130_1.jpg","parallax":false,"image_position":"default","link_img1":"","open_link":"_blank","bottom_arrow":false,"bottom_arrow_style":"button","bottom_arrow_color":"light","bottom_arrow_pos":"2","text_align":"center","text_align_tb":"center","text_align_mb":"center","content_width":"auto","cv_pos":50,"ch_pos":50,"cv_pos_tb":50,"ch_pos_tb":50,"cv_pos_mb":50,"ch_pos_mb":50,"bg_overlay":"#000000","bg_opacity":0,"bg_content_cl":"#ffffff","bg_content_op":0,"content_pd_tb":15,"content_pd_lr":15,"content_pd_tb_tb":15,"content_pd_lr_tb":15,"content_pd_tb_mb":10,"content_pd_lr_mb":10,"border_bl":false,"br_color":"#222222","br_bg":"#ffffff","br_opacity":49,"br_style":"solid","br_pd":20,"br_pd_mb":10,"time_animation":1,"animation_delay":40,"layout":"t4s-container-fluid","cl_bg":"","cl_bg_gradient":"","mg":",,50px,","pd":"","mg_tb":",,50px,","pd_tb":"","mg_mb":",,30px,","pd_mb":""}},"featured_collection_UrEfmj":{"type":"featured-collection","disabled":true,"name":"Ceramics Collections","settings":{"design_heading":"1","heading_center":true,"top_heading":"","top_subheading":"<h3>Ceramics Collections<\/h3>","head_bigger":false,"tophead_mb":30,"tophead_mb_tb":30,"tophead_mb_mb":-20,"collection":"ivanros-ceramics","product_des":"1","rating_pos":"1","list_color_pos":"1","list_size_pos":"1","show_vendor":false,"use_cdt":false,"image_ratio":"ratio1_1","image_size":"contain","image_position":"8","content_align":"default","limit":30,"col_dk":"4","col_tb":"3","col_mb":"2","space_h_item":"30","space_v_item":"30","space_h_item_tb":"30","space_v_item_tb":"30","space_h_item_mb":"10","space_v_item_mb":"10","layout_des":"2","border_pr":false,"loop":true,"au_time":4,"au_hover":true,"nav_btn":false,"btn_pos":"in","btn_distance":15,"btn_vi":"hover","btn_owl":"default","btn_shape":"none","btn_cl":"dark","btn_size":"small","btn_hidden_mobile":false,"nav_dot":false,"dot_owl":"default","dots_cl":"dark","dots_round":true,"dots_space":10,"dots_bottom_pos":20,"dots_hidden_mobile":false,"border_pr_img":false,"use_pagination":"none","enable_bar_lm":true,"text_view_all":"","btn_icon":false,"btn_rounded":false,"button_style":"default","btns_size":"default","btns_cl":"dark","button_effect":"default","btns_pos":"t4s-text-center","head_btn_label":"Shop All","head_btn_url":"","head_btn_icon":true,"head_btn_rounded":false,"head_button_style":"outline","head_btns_size":"default","head_btns_cl":"dark","head_button_effect":"default","hidden_btn_mb":false,"head_slide_btn":false,"layout":"t4s-container-wrap","cl_bg":"","cl_bg_gradient":"","mg":",,40px,","pd":"","mg_tb":",,25px,","pd_tb":"","mg_mb":",,,","pd_mb":"5px"}},"featured_collection_4WkRfX":{"type":"featured-collection","name":"Best Sellers","settings":{"design_heading":"1","heading_center":true,"top_heading":"","top_subheading":"<h3>Best Sellers<br\/><br\/><\/h3>","head_bigger":false,"tophead_mb":30,"tophead_mb_tb":30,"tophead_mb_mb":-20,"collection":"the-best-of-summer","product_des":"1","rating_pos":"1","list_color_pos":"1","list_size_pos":"1","show_vendor":false,"use_cdt":false,"image_ratio":"ratio1_1","image_size":"contain","image_position":"8","content_align":"default","limit":30,"col_dk":"4","col_tb":"3","col_mb":"2","space_h_item":"30","space_v_item":"30","space_h_item_tb":"30","space_v_item_tb":"30","space_h_item_mb":"10","space_v_item_mb":"10","layout_des":"2","border_pr":false,"loop":true,"au_time":4,"au_hover":true,"nav_btn":false,"btn_pos":"in","btn_distance":15,"btn_vi":"hover","btn_owl":"default","btn_shape":"none","btn_cl":"dark","btn_size":"small","btn_hidden_mobile":false,"nav_dot":false,"dot_owl":"default","dots_cl":"dark","dots_round":true,"dots_space":10,"dots_bottom_pos":20,"dots_hidden_mobile":false,"border_pr_img":false,"use_pagination":"none","enable_bar_lm":true,"text_view_all":"","btn_icon":false,"btn_rounded":false,"button_style":"default","btns_size":"default","btns_cl":"dark","button_effect":"default","btns_pos":"t4s-text-center","head_btn_label":"Shop All","head_btn_url":"","head_btn_icon":true,"head_btn_rounded":false,"head_button_style":"outline","head_btns_size":"default","head_btns_cl":"dark","head_button_effect":"default","hidden_btn_mb":false,"head_slide_btn":false,"layout":"t4s-container-wrap","cl_bg":"","cl_bg_gradient":"","mg":",,40px,","pd":"","mg_tb":",,25px,","pd_tb":"","mg_mb":",,,","pd_mb":"5px"}},"284bbc64-3174-41b7-8ef9-fa6d13f3301c":{"type":"slideshow","blocks":{"image_parent_UaiP6D":{"type":"image_parent","disabled":true,"settings":{"image":"shopify:\/\/shop_images\/Mohair-NZMade-Cocao-Kiki-Bazaar.jpg","image_position":"7","cl_img":"#ffffff","link_img1":"shopify:\/\/collections\/floor-mats","open_link":"_self","animate_slide":"move-to-left","text_align":"center","text_align_tb":"center","text_align_mb":"center","content_width":"auto","cv_pos":50,"ch_pos":50,"cv_pos_tb":35,"ch_pos_tb":50,"cv_pos_mb":50,"ch_pos_mb":50,"bg_overlay":"#000000","bg_opacity":0,"bg_content_cl":"#000000","bg_content_op":0,"content_pd_tb":30,"content_pd_lr":80,"content_pd_tb_tb":30,"content_pd_lr_tb":80,"content_pd_tb_mb":30,"content_pd_lr_mb":40,"border_bl":false,"br_color":"#222222","br_bg":"#ffffff","br_opacity":50,"br_style":"none","br_pd":10,"br_pd_mb":10,"time_animation":2,"animation_delay":60}},"image_parent_HNinLX":{"type":"image_parent","disabled":true,"settings":{"image":"shopify:\/\/shop_images\/Mohair-NZMade-Cocao-Kiki-Bazaar.jpg","image_position":"7","cl_img":"#ffffff","link_img1":"","open_link":"_self","animate_slide":"move-to-left","text_align":"center","text_align_tb":"center","text_align_mb":"center","content_width":"auto","cv_pos":50,"ch_pos":50,"cv_pos_tb":35,"ch_pos_tb":50,"cv_pos_mb":50,"ch_pos_mb":50,"bg_overlay":"#000000","bg_opacity":0,"bg_content_cl":"#000000","bg_content_op":0,"content_pd_tb":30,"content_pd_lr":80,"content_pd_tb_tb":30,"content_pd_lr_tb":80,"content_pd_tb_mb":30,"content_pd_lr_mb":40,"border_bl":false,"br_color":"#222222","br_bg":"#ffffff","br_opacity":50,"br_style":"none","br_pd":10,"br_pd_mb":10,"time_animation":2,"animation_delay":60}},"custom_text_HW3BY9":{"type":"custom_text","disabled":true,"settings":{"text":"Mohair Throws<br>","remove_br_tag":false,"tag":"h2","fontf":"inherit","text_cl":"#ffffff","text_fs":70,"text_lh":70,"text_fw":400,"text_ls":0,"mgb":15,"font_italic":false,"text_shadow":true,"text_fs_tb":50,"text_lh_tb":0,"text_ls_tb":0,"mgb_tb":10,"hidden_mobile":false,"text_fs_mb":35,"text_lh_mb":0,"text_ls_mb":0,"mgb_mb":10,"animation":"none"}},"custom_text_eLUQhW":{"type":"custom_text","disabled":true,"settings":{"text":"100% Pure Mohair <br>Made in NZ","remove_br_tag":false,"tag":"h3","fontf":"inherit","text_cl":"#ffffff","text_fs":22,"text_lh":0,"text_fw":400,"text_ls":0,"mgb":15,"font_italic":false,"text_shadow":false,"text_fs_tb":20,"text_lh_tb":0,"text_ls_tb":0,"mgb_tb":10,"hidden_mobile":false,"text_fs_mb":16,"text_lh_mb":0,"text_ls_mb":0,"mgb_mb":10,"animation":"none"}},"custom_button_UENzef":{"type":"custom_button","disabled":true,"settings":{"button_text":"Shop Throws","button_link":"shopify:\/\/collections\/blankets-throws","target_link":"_self","fontf":"1","button_style":"default","icon_style":"1","button_icon_w":0,"border_w":1,"button_effect":"default","pri_cl":"#0b2d14","second_cl":"#ffffff","pri_cl_hover":"#000000","second_cl_hover":"#ffffff","fsbutton":22,"fwbutton":400,"button_ls":0,"button_mh":42,"button_bdr":0,"button_pd_lr":20,"mgb":0,"button_icon_w_tb":0,"fsbutton_tb":20,"button_mh_tb":36,"button_pd_lr_tb":15,"button_ls_tb":0,"mgb_tb":0,"hidden_mobile":false,"button_icon_w_mb":18,"fsbutton_mb":18,"button_mh_mb":44,"button_pd_lr_mb":19,"button_ls_mb":0,"mgb_mb":-10,"animation":"bounceIn"}},"template--18685774758209__284bbc64-3174-41b7-8ef9-fa6d13f3301c-168855791737c25a67-0":{"type":"image_parent","settings":{"image":"shopify:\/\/shop_images\/Blue-Splash-Ceramics-Hero-Wide-2025-Kiki-Bazaar-NZ.png","image_position":"8","cl_img":"#ffffff","link_img1":"","open_link":"_blank","animate_slide":"zoom-out","text_align":"center","text_align_tb":"center","text_align_mb":"center","content_width":"auto","cv_pos":49,"ch_pos":50,"cv_pos_tb":35,"ch_pos_tb":50,"cv_pos_mb":71,"ch_pos_mb":50,"bg_overlay":"#000000","bg_opacity":0,"bg_content_cl":"#0b0b0b","bg_content_op":10,"content_pd_tb":80,"content_pd_lr":30,"content_pd_tb_tb":80,"content_pd_lr_tb":30,"content_pd_tb_mb":40,"content_pd_lr_mb":50,"border_bl":false,"br_color":"#222222","br_bg":"#ffffff","br_opacity":50,"br_style":"none","br_pd":20,"br_pd_mb":14,"time_animation":2,"animation_delay":60}},"custom_text_yTTtak":{"type":"custom_text","settings":{"text":"Handmade Ceramics<br>","remove_br_tag":false,"tag":"h2","fontf":"inherit","text_cl":"#ffffff","text_fs":70,"text_lh":70,"text_fw":400,"text_ls":0,"mgb":15,"font_italic":false,"text_shadow":true,"text_fs_tb":50,"text_lh_tb":0,"text_ls_tb":0,"mgb_tb":10,"hidden_mobile":false,"text_fs_mb":35,"text_lh_mb":0,"text_ls_mb":0,"mgb_mb":10,"animation":"none"}},"2f269a40-22b3-4e86-b333-a0589e810769":{"type":"custom_text","settings":{"text":"HAND MADE IN SPAIN, PORTUGAL & VIETNAM","remove_br_tag":false,"tag":"h3","fontf":"inherit","text_cl":"#ffffff","text_fs":20,"text_lh":0,"text_fw":200,"text_ls":0,"mgb":25,"font_italic":false,"text_shadow":true,"text_fs_tb":14,"text_lh_tb":0,"text_ls_tb":0,"mgb_tb":10,"hidden_mobile":false,"text_fs_mb":14,"text_lh_mb":0,"text_ls_mb":0,"mgb_mb":10,"animation":"none"}},"template--18685774758209__284bbc64-3174-41b7-8ef9-fa6d13f3301c-168855791737c25a67-3":{"type":"custom_button","settings":{"button_text":"Explore Ceramics","button_link":"shopify:\/\/collections\/pottery-ceramics","target_link":"_self","fontf":"1","button_style":"default","icon_style":"1","button_icon_w":0,"border_w":1,"button_effect":"default","pri_cl":"#0b2d14","second_cl":"#ffffff","pri_cl_hover":"#000000","second_cl_hover":"#ffffff","fsbutton":20,"fwbutton":400,"button_ls":0,"button_mh":40,"button_bdr":0,"button_pd_lr":25,"mgb":0,"button_icon_w_tb":0,"fsbutton_tb":20,"button_mh_tb":36,"button_pd_lr_tb":15,"button_ls_tb":0,"mgb_tb":0,"hidden_mobile":false,"button_icon_w_mb":9,"fsbutton_mb":18,"button_mh_mb":36,"button_pd_lr_mb":10,"button_ls_mb":0,"mgb_mb":-10,"animation":"bounceIn"}},"image_parent_7x3BCL":{"type":"image_parent","disabled":true,"settings":{"image":"shopify:\/\/shop_images\/Splatterware-Table-Kiki-Bazaar-2025.jpg","image_position":"8","cl_img":"#ffffff","link_img1":"shopify:\/\/collections\/ivanros-ceramics","open_link":"_self","animate_slide":"move-to-left","text_align":"center","text_align_tb":"center","text_align_mb":"center","content_width":"container","cv_pos":50,"ch_pos":50,"cv_pos_tb":35,"ch_pos_tb":50,"cv_pos_mb":50,"ch_pos_mb":50,"bg_overlay":"#000000","bg_opacity":0,"bg_content_cl":"#000000","bg_content_op":20,"content_pd_tb":30,"content_pd_lr":50,"content_pd_tb_tb":30,"content_pd_lr_tb":50,"content_pd_tb_mb":20,"content_pd_lr_mb":40,"border_bl":false,"br_color":"#222222","br_bg":"#ffffff","br_opacity":50,"br_style":"none","br_pd":20,"br_pd_mb":10,"time_animation":2,"animation_delay":60}},"custom_text_kaEqQM":{"type":"custom_text","disabled":true,"settings":{"text":"Dining & Tableware","remove_br_tag":false,"tag":"h2","fontf":"inherit","text_cl":"#ffffff","text_fs":70,"text_lh":69,"text_fw":400,"text_ls":0,"mgb":15,"font_italic":false,"text_shadow":false,"text_fs_tb":50,"text_lh_tb":0,"text_ls_tb":0,"mgb_tb":10,"hidden_mobile":false,"text_fs_mb":32,"text_lh_mb":0,"text_ls_mb":0,"mgb_mb":10,"animation":"none"}},"custom_text_nGHQ3c":{"type":"custom_text","disabled":true,"settings":{"text":"Up to 50% Off -  Portugal & Spain","remove_br_tag":false,"tag":"h3","fontf":"inherit","text_cl":"#ffffff","text_fs":22,"text_lh":0,"text_fw":400,"text_ls":0,"mgb":15,"font_italic":false,"text_shadow":false,"text_fs_tb":20,"text_lh_tb":0,"text_ls_tb":0,"mgb_tb":10,"hidden_mobile":false,"text_fs_mb":16,"text_lh_mb":0,"text_ls_mb":0,"mgb_mb":10,"animation":"none"}},"custom_button_VBfDgp":{"type":"custom_button","disabled":true,"settings":{"button_text":"Explore More","button_link":"shopify:\/\/collections\/table-dining","target_link":"_self","fontf":"1","button_style":"default","icon_style":"1","button_icon_w":0,"border_w":1,"button_effect":"default","pri_cl":"#0b2d14","second_cl":"#ffffff","pri_cl_hover":"#000000","second_cl_hover":"#ffffff","fsbutton":22,"fwbutton":400,"button_ls":0,"button_mh":42,"button_bdr":0,"button_pd_lr":20,"mgb":0,"button_icon_w_tb":0,"fsbutton_tb":20,"button_mh_tb":36,"button_pd_lr_tb":15,"button_ls_tb":0,"mgb_tb":0,"hidden_mobile":false,"button_icon_w_mb":0,"fsbutton_mb":18,"button_mh_mb":36,"button_pd_lr_mb":15,"button_ls_mb":0,"mgb_mb":-10,"animation":"bounceIn"}},"bf32db7a-b6a6-4c04-9b04-4816866cb199":{"type":"image_parent","settings":{"image":"shopify:\/\/shop_images\/110960-EnikEged-MustangParty_3.jpg","image_position":"8","cl_img":"#ffffff","link_img1":"shopify:\/\/collections\/prints-wall-art","open_link":"_blank","animate_slide":"zoom-out","text_align":"center","text_align_tb":"center","text_align_mb":"center","content_width":"auto","cv_pos":40,"ch_pos":50,"cv_pos_tb":35,"ch_pos_tb":50,"cv_pos_mb":50,"ch_pos_mb":50,"bg_overlay":"#000000","bg_opacity":0,"bg_content_cl":"#000000","bg_content_op":18,"content_pd_tb":30,"content_pd_lr":50,"content_pd_tb_tb":30,"content_pd_lr_tb":50,"content_pd_tb_mb":20,"content_pd_lr_mb":40,"border_bl":false,"br_color":"#222222","br_bg":"#ffffff","br_opacity":50,"br_style":"none","br_pd":20,"br_pd_mb":10,"time_animation":2,"animation_delay":60}},"83550325-e68e-4e59-bab9-239b1ad2830b":{"type":"custom_text","settings":{"text":"Art Prints","remove_br_tag":false,"tag":"h2","fontf":"inherit","text_cl":"#ffffff","text_fs":70,"text_lh":70,"text_fw":400,"text_ls":0,"mgb":15,"font_italic":false,"text_shadow":false,"text_fs_tb":50,"text_lh_tb":0,"text_ls_tb":0,"mgb_tb":10,"hidden_mobile":false,"text_fs_mb":35,"text_lh_mb":0,"text_ls_mb":0,"mgb_mb":10,"animation":"none"}},"7be1723f-f358-4221-94f3-a56ec127ad3f":{"type":"custom_text","settings":{"text":"30% OFF SELECTED <br>A2 PRINTS","remove_br_tag":false,"tag":"h3","fontf":"inherit","text_cl":"#ffffff","text_fs":20,"text_lh":0,"text_fw":300,"text_ls":0,"mgb":25,"font_italic":false,"text_shadow":true,"text_fs_tb":14,"text_lh_tb":0,"text_ls_tb":0,"mgb_tb":20,"hidden_mobile":false,"text_fs_mb":14,"text_lh_mb":0,"text_ls_mb":0,"mgb_mb":20,"animation":"none"}},"3702aeec-4109-43cb-84bf-fbcd5f8394d2":{"type":"custom_button","settings":{"button_text":"Shop Art Prints","button_link":"shopify:\/\/collections\/prints-wall-art","target_link":"_self","fontf":"1","button_style":"default","icon_style":"1","button_icon_w":0,"border_w":1,"button_effect":"default","pri_cl":"#0b2d14","second_cl":"#ffffff","pri_cl_hover":"#000000","second_cl_hover":"#ffffff","fsbutton":22,"fwbutton":400,"button_ls":0,"button_mh":42,"button_bdr":0,"button_pd_lr":20,"mgb":0,"button_icon_w_tb":0,"fsbutton_tb":20,"button_mh_tb":36,"button_pd_lr_tb":15,"button_ls_tb":0,"mgb_tb":0,"hidden_mobile":false,"button_icon_w_mb":0,"fsbutton_mb":16,"button_mh_mb":45,"button_pd_lr_mb":10,"button_ls_mb":0,"mgb_mb":-5,"animation":"bounceIn"}},"template--18685774758209__284bbc64-3174-41b7-8ef9-fa6d13f3301c-168855791737c25a67-4":{"type":"image_parent","settings":{"image":"shopify:\/\/shop_images\/IMG_5677.jpg","image_position":"5","cl_img":"#ffffff","link_img1":"shopify:\/\/collections\/jugs-vases","open_link":"_blank","animate_slide":"zoom-out","text_align":"center","text_align_tb":"center","text_align_mb":"center","content_width":"auto","cv_pos":45,"ch_pos":50,"cv_pos_tb":35,"ch_pos_tb":50,"cv_pos_mb":50,"ch_pos_mb":50,"bg_overlay":"#000000","bg_opacity":5,"bg_content_cl":"#000000","bg_content_op":9,"content_pd_tb":80,"content_pd_lr":30,"content_pd_tb_tb":80,"content_pd_lr_tb":30,"content_pd_tb_mb":37,"content_pd_lr_mb":10,"border_bl":false,"br_color":"#222222","br_bg":"#ffffff","br_opacity":50,"br_style":"none","br_pd":20,"br_pd_mb":0,"time_animation":2.5,"animation_delay":80}},"template--18685774758209__284bbc64-3174-41b7-8ef9-fa6d13f3301c-168855791737c25a67-6":{"type":"custom_text","settings":{"text":"Gluggle Jugs","remove_br_tag":false,"tag":"h2","fontf":"inherit","text_cl":"#ffffff","text_fs":70,"text_lh":70,"text_fw":400,"text_ls":0,"mgb":25,"font_italic":false,"text_shadow":false,"text_fs_tb":50,"text_lh_tb":0,"text_ls_tb":0,"mgb_tb":10,"hidden_mobile":false,"text_fs_mb":35,"text_lh_mb":0,"text_ls_mb":0,"mgb_mb":10,"animation":"none"}},"2d5c026b-7f98-4b55-9026-05092f689bbe":{"type":"custom_text","settings":{"text":"FISH JUGS, MADE IN PORTUGAL","remove_br_tag":false,"tag":"h3","fontf":"inherit","text_cl":"#ffffff","text_fs":20,"text_lh":13,"text_fw":300,"text_ls":0,"mgb":25,"font_italic":false,"text_shadow":true,"text_fs_tb":14,"text_lh_tb":0,"text_ls_tb":0,"mgb_tb":20,"hidden_mobile":false,"text_fs_mb":14,"text_lh_mb":0,"text_ls_mb":0,"mgb_mb":20,"animation":"none"}},"template--18685774758209__284bbc64-3174-41b7-8ef9-fa6d13f3301c-168855791737c25a67-7":{"type":"custom_button","settings":{"button_text":"Shop Glug Jugs","button_link":"shopify:\/\/collections\/jugs-vases","target_link":"_self","fontf":"1","button_style":"default","icon_style":"1","button_icon_w":0,"border_w":1,"button_effect":"default","pri_cl":"#0b2d14","second_cl":"#ffffff","pri_cl_hover":"#000000","second_cl_hover":"#ffffff","fsbutton":20,"fwbutton":400,"button_ls":0,"button_mh":42,"button_bdr":0,"button_pd_lr":20,"mgb":0,"button_icon_w_tb":0,"fsbutton_tb":20,"button_mh_tb":36,"button_pd_lr_tb":15,"button_ls_tb":0,"mgb_tb":0,"hidden_mobile":false,"button_icon_w_mb":0,"fsbutton_mb":18,"button_mh_mb":36,"button_pd_lr_mb":15,"button_ls_mb":0,"mgb_mb":0,"animation":"bounceIn"}}},"block_order":["image_parent_UaiP6D","image_parent_HNinLX","custom_text_HW3BY9","custom_text_eLUQhW","custom_button_UENzef","template--18685774758209__284bbc64-3174-41b7-8ef9-fa6d13f3301c-168855791737c25a67-0","custom_text_yTTtak","2f269a40-22b3-4e86-b333-a0589e810769","template--18685774758209__284bbc64-3174-41b7-8ef9-fa6d13f3301c-168855791737c25a67-3","image_parent_7x3BCL","custom_text_kaEqQM","custom_text_nGHQ3c","custom_button_VBfDgp","bf32db7a-b6a6-4c04-9b04-4816866cb199","83550325-e68e-4e59-bab9-239b1ad2830b","7be1723f-f358-4221-94f3-a56ec127ad3f","3702aeec-4109-43cb-84bf-fbcd5f8394d2","template--18685774758209__284bbc64-3174-41b7-8ef9-fa6d13f3301c-168855791737c25a67-4","template--18685774758209__284bbc64-3174-41b7-8ef9-fa6d13f3301c-168855791737c25a67-6","2d5c026b-7f98-4b55-9026-05092f689bbe","template--18685774758209__284bbc64-3174-41b7-8ef9-fa6d13f3301c-168855791737c25a67-7"],"disabled":true,"settings":{"se_height":"t4s_ratioadapt_mix","custom_dk":true,"height_dk":600,"custom_tb":true,"height_tb":400,"custom_mb":true,"height_mb":280,"bottom_arrow":false,"bottom_arrow_style":"button","bottom_arrow_color":"light","bottom_arrow_pos":"2","eff":"slide","loop":true,"au_time":6,"au_hover":true,"nav_btn":true,"btn_distance":90,"nav_btn_icon":"default","btn_pos":"default","btn_vi":"always","btn_owl":"simple","btn_shape":"round","btn_cl":"light","btn_size":"medium","btn_hidden_mobile":false,"nav_dot":true,"dots_width":"fullwidth","dots_align":"center","dots_design":"default","dot_owl":"default","dots_cl":"light","dots_pd_lr":15,"dots_space":10,"dots_pos_vy":20,"unit_dots_vertical":"px","dots_round":true,"dots_hidden_mobile":false,"layout":"t4s-container-fluid","cl_bg":"","cl_bg_gradient":"","mg":",,50px,","pd":"","mg_tb":",,50px,","pd_tb":"","mg_mb":",,20px,","pd_mb":",,,,"}},"1659942911e820daf1":{"type":"custom-line","settings":{"line_style":"solid","line_width":100,"line_height":1,"line_cl":"#000000","line_pos":"t4s-text-start","layout":"t4s-container-wrap","mg":",,60px,","mg_tb":",,30px,","mg_mb":",,30px,"}},"623aec48-4e36-4ba7-9004-695fbae78415":{"type":"collections-list","blocks":{"collection_item_A4ADVT":{"type":"collection_item","settings":{"collection":"","image":"shopify:\/\/shop_images\/Instagram_post_-_106_2.png","title":"","collection_badge":"","collection_link":"shopify:\/\/collections\/clearance","show_count":false,"button_label":"Shop Now"}},"template--18685774758209__623aec48-4e36-4ba7-9004-695fbae78415-16873626452c2a19b1-2":{"type":"collection_item","settings":{"collection":"bags-baskets","image":"shopify:\/\/shop_images\/Bolga-Shoulder-Bag_63831d57-de5f-46f7-9702-f34a90d4e312.jpg","title":"BASKETS & BAGS","collection_badge":"","collection_link":"shopify:\/\/collections\/bags-baskets","show_count":false,"button_label":"Shop Now"}},"23cb5525-133c-4db0-83a1-7398055f7cb7":{"type":"collection_item","settings":{"collection":"prints-wall-art","image":"shopify:\/\/shop_images\/110960-EnikEged-MustangParty_3.jpg","title":"ART PRINTS","collection_badge":"","collection_link":"shopify:\/\/collections\/prints-wall-art","show_count":false,"button_label":"Shop Now"}},"collection_item_4TyDBY":{"type":"collection_item","settings":{"collection":"pottery-ceramics","image":"shopify:\/\/shop_images\/IMG_1330a.jpg","title":"CERAMICS & POTTERY","collection_badge":"","collection_link":"","show_count":false,"button_label":"Shop Now"}},"ccb0b6be-5844-4837-b2c4-828cd0e440e8":{"type":"collection_item","settings":{"collection":"","image":"shopify:\/\/shop_images\/IMG-20251210-WA0042_b3f892c3-265f-482a-b1d9-b1766b464315.jpg","title":"TOTE BAGS","collection_badge":"","collection_link":"shopify:\/\/collections\/cotton-totes","show_count":false,"button_label":"Shop Now"}},"collection_item_EJXxpg":{"type":"collection_item","settings":{"collection":"woven-fans-wall-art","image":"shopify:\/\/shop_images\/Fan-Blueberry.jpg","title":"BOLGA FANS","collection_badge":"","collection_link":"shopify:\/\/collections\/woven-fans-wall-art","show_count":false,"button_label":"Shop Now"}},"ab6d312b-f3ec-46d7-a8e2-81dc7512eabd":{"type":"collection_item","settings":{"collection":"jugs-vases","image":"shopify:\/\/shop_images\/Gluggle-Jugs-Are-Back-Kiki-Bazaar.jpg","title":"JUGS & VASES","collection_badge":"","collection_link":"","show_count":false,"button_label":"Shop Now"}},"7ba1f79f-bc5c-4f41-8ead-8421dc460a55":{"type":"collection_item","settings":{"collection":"table-linen","title":"TABLEWARE","collection_badge":"","collection_link":"","show_count":false,"button_label":"Shop Now"}},"template--18685774758209__623aec48-4e36-4ba7-9004-695fbae78415-16873626452c2a19b1-0":{"type":"collection_item","settings":{"collection":"","image":"shopify:\/\/shop_images\/Red-Confetti-Rug.jpg","title":"RUGS, MATS & RUNNERS","collection_badge":"","collection_link":"shopify:\/\/collections\/rugs-mats","show_count":false,"button_label":"Shop Now"}},"collection_item_MzMUdB":{"type":"collection_item","settings":{"collection":"cups-mugs","image":"shopify:\/\/shop_images\/IMG_4565.jpg","title":"CUPS & MUGS","collection_badge":"","collection_link":"","show_count":false,"button_label":"Shop Now"}},"c9b90fb8-6860-4dba-b30c-2c41e8f02df8":{"type":"collection_item","settings":{"collection":"","image":"shopify:\/\/shop_images\/Lines_-_Mint_cropped.png","title":"SARONGS & PAREOS","collection_badge":"","collection_link":"shopify:\/\/collections\/sarongs-pareos","show_count":false,"button_label":"Shop Now"}},"collection_item_FehDXE":{"type":"collection_item","settings":{"collection":"blankets-throws","image":"shopify:\/\/shop_images\/GeneratedImageSeptember03_2025-1_00PM.jpg","title":"BLANKETS & BEDDING","collection_badge":"","collection_link":"shopify:\/\/collections\/blankets-throws","show_count":false,"button_label":"Shop Now"}},"collection_item_8WnwnN":{"type":"collection_item","settings":{"collection":"dinnerware-ceramics","image":"shopify:\/\/shop_images\/IMG_2478.jpg","title":"DINNERWARE","collection_badge":"","collection_link":"","show_count":false,"button_label":"Shop Now"}},"collection_item_863ffB":{"type":"collection_item","settings":{"collection":"jewellery","image":"shopify:\/\/shop_images\/IMG_9984Medium.jpg","title":"JEWELLERY","collection_badge":"","collection_link":"shopify:\/\/collections\/jewellery","show_count":false,"button_label":"Shop Now"}},"60c28280-b4d7-4160-979e-76ee3ef51de3":{"type":"collection_item","settings":{"collection":"gift-ideas-gifting","title":"GIFTS & DECOR","collection_badge":"","collection_link":"shopify:\/\/collections\/gift-ideas-gifting","show_count":false,"button_label":"Shop Now"}},"ded1bcfc-ad92-4607-bafe-49f00b425610":{"type":"collection_item","disabled":true,"settings":{"collection":"","image":"shopify:\/\/shop_images\/Beldi_Glass_Amber-2_800x_59c2d9c0-007c-4e16-ac06-67bd83217858.webp","title":"GLASSWARE","collection_badge":"","collection_link":"shopify:\/\/collections\/table-dining","show_count":false,"button_label":"Shop Now"}},"ddbf9311-ebc1-41c2-a61e-9e54c434bf96":{"type":"collection_item","settings":{"collection":"","image":"shopify:\/\/shop_images\/KB-Gift-Card-2024.webp","title":"","collection_badge":"","collection_link":"https:\/\/kikibazaar.com\/products\/kiki-gift-card-50-100-200-300","show_count":false,"button_label":""}},"template--18685774758209__623aec48-4e36-4ba7-9004-695fbae78415-16873626452c2a19b1-1":{"type":"collection_item","disabled":true,"settings":{"collection":"","image":"shopify:\/\/shop_images\/Outdoor-Living-Chair-Cushion-Kiki-Bazaar.jpg","title":"BEACH & OUTDOOR","collection_badge":"","collection_link":"shopify:\/\/collections\/beach-outdoor","show_count":false,"button_label":"Shop Now"}},"template--18685774758209__623aec48-4e36-4ba7-9004-695fbae78415-16873626452c2a19b1-3":{"type":"collection_item","settings":{"collection":"","image":"shopify:\/\/shop_images\/LAMPSHADEURALNATURAL-004Medium.jpg","title":"LIGHTING","collection_badge":"","collection_link":"shopify:\/\/collections\/lighting","show_count":false,"button_label":"Shop Now"}}},"block_order":["collection_item_A4ADVT","template--18685774758209__623aec48-4e36-4ba7-9004-695fbae78415-16873626452c2a19b1-2","23cb5525-133c-4db0-83a1-7398055f7cb7","collection_item_4TyDBY","ccb0b6be-5844-4837-b2c4-828cd0e440e8","collection_item_EJXxpg","ab6d312b-f3ec-46d7-a8e2-81dc7512eabd","7ba1f79f-bc5c-4f41-8ead-8421dc460a55","template--18685774758209__623aec48-4e36-4ba7-9004-695fbae78415-16873626452c2a19b1-0","collection_item_MzMUdB","c9b90fb8-6860-4dba-b30c-2c41e8f02df8","collection_item_FehDXE","collection_item_8WnwnN","collection_item_863ffB","60c28280-b4d7-4160-979e-76ee3ef51de3","ded1bcfc-ad92-4607-bafe-49f00b425610","ddbf9311-ebc1-41c2-a61e-9e54c434bf96","template--18685774758209__623aec48-4e36-4ba7-9004-695fbae78415-16873626452c2a19b1-1","template--18685774758209__623aec48-4e36-4ba7-9004-695fbae78415-16873626452c2a19b1-3"],"name":"All Collections Tiles","settings":{"design_heading":"1","heading_center":true,"top_heading":"","top_subheading":"<h3>All Collections<\/h3>","tophead_mb":30,"tophead_mb_tb":30,"tophead_mb_mb":0,"heading_inline":false,"heading_width":"small","collection_des":"2","title_fs":18,"title_fw":100,"item_content_rd":0,"item_cl":"","pri_cl":"#ffffff","second_cl":"#ffffff","pri_hover_cl":"#ffbb00","second_hover_cl":"#ffffff","badge_cl":"#ffffff","badge_cl2":"#ea0000","content_align":"center","content_pos":"1","enable_bs_hover":false,"padding_inner":"","space_bottom":15,"space_bottom_tb":10,"space_bottom_mb":12,"content_width":120,"content_height":52,"content_width_tb":98,"content_height_tb":40,"content_width_mb":66,"content_height_mb":40,"open_link":"_self","item_rd":0,"img_effect":"none","b_effect":"none","image_ratio":"ratio1_1","image_size":"cover","image_position":"8","layout_des":"1","col_dk":"4","col_tb":"2","col_mb":"2","space_h_item":"8","space_v_item":"8","space_h_item_tb":"15","space_v_item_tb":"15","space_h_item_mb":"6","space_v_item_mb":"6","loop":true,"au_time":4,"au_hover":true,"freeScroll":true,"scrollbar":false,"center_slide":true,"nav_btn":true,"btn_pos":"in","btn_distance":15,"btn_vi":"hover","btn_owl":"outline","btn_shape":"none","btn_cl":"dark","btn_size":"small","btn_hidden_mobile":false,"nav_dot":true,"dot_owl":"default","dots_cl":"dark","dots_round":true,"dots_space":10,"dots_position":"default","dots_bottom_pos":20,"dots_hidden_mobile":false,"head_btn_label":"Shop All","head_btn_url":"","head_button_style":"outline","head_btn_icon":true,"btn_rounded":false,"head_btns_size":"default","head_btns_cl":"dark","head_button_effect":"default","hidden_btn_mb":false,"head_slide_btn":false,"layout":"t4s-container-fluid","cl_bg":"#ffffff","cl_bg_gradient":"","mg":",,50px,","pd":"10px,15px,,15px","mg_tb":",,30px,","pd_tb":",15px,,15px","mg_mb":",,30px,","pd_mb":",15px,,15px"}},"165994593816b134fa":{"type":"custom-line","settings":{"line_style":"solid","line_width":100,"line_height":2,"line_cl":"#000000","line_pos":"t4s-text-start","layout":"t4s-container-wrap","mg":",,54px,","mg_tb":",,30px,","mg_mb":",,30px,"}},"165958709054767974":{"type":"logo-list","blocks":{"1659587090cce6ae65-0":{"type":"logo_item","settings":{"image":"shopify:\/\/shop_images\/FQ-logo-copy.png","url":""}},"1659587090cce6ae65-1":{"type":"logo_item","settings":{"image":"shopify:\/\/shop_images\/nzhousegardenlogo.svg","url":""}},"1659587090cce6ae65-2":{"type":"logo_item","settings":{"image":"shopify:\/\/shop_images\/sunday-m-logo.png","url":""}},"54016afc-d58c-4d59-ae95-bf9a1c70655d":{"type":"logo_item","settings":{"image":"shopify:\/\/shop_images\/VIVA_Logo.jpg","url":""}},"0a3ee77c-deb5-4989-b3cb-09eee985fc39":{"type":"logo_item","settings":{"image":"shopify:\/\/shop_images\/logo-kiaora.webp","url":""}},"logo_item_FXEE9c":{"type":"logo_item","settings":{"image":"shopify:\/\/shop_images\/Farro-Fresh-Logo.jpg","url":""}},"logo_item_7Xit4f":{"type":"logo_item","settings":{"image":"shopify:\/\/shop_images\/YHAG-Logo_ae04904a-ee7f-48ec-b5cf-ddaa88e715a5_1.png","url":""}}},"block_order":["1659587090cce6ae65-0","1659587090cce6ae65-1","1659587090cce6ae65-2","54016afc-d58c-4d59-ae95-bf9a1c70655d","0a3ee77c-deb5-4989-b3cb-09eee985fc39","logo_item_FXEE9c","logo_item_7Xit4f"],"settings":{"design_heading":"1","heading_center":true,"top_heading":"","top_subheading":"<h3>As Seen in...<\/h3>","tophead_mb":36,"tophead_mb_tb":30,"tophead_mb_mb":25,"img_effect":"bounceIn","b_effect":"none","open_link":"_blank","layout_des":"2","click_image":"data-goto","nav_thumbs":true,"enable_border":false,"col_dk":"5","col_tb":"4","col_mb":"2","space_item":"30","space_item_tb":"20","space_item_mb":"15","loop":true,"au_time":3,"au_hover":true,"nav_btn":false,"btn_pos":"in","btn_distance":15,"btn_vi":"hover","btn_owl":"default","btn_shape":"none","btn_cl":"dark","btn_size":"small","btn_hidden_mobile":true,"nav_dot":false,"dot_owl":"default","dots_cl":"dark","dots_round":true,"dots_space":10,"dots_hidden_mobile":false,"layout":"t4s-container-fluid","custom_width":1000,"cl_bg":"#ffffff","cl_bg_gradient":"","mg":",,50px,","pd":",90px,,90px","mg_tb":",,50px,","pd_tb":",30px,,30px","mg_mb":",,30px,","pd_mb":",15px,,15px"}},"16595832940700a895":{"type":"custom-section","blocks":{"1659583294a3aad5b9-0":{"type":"bl_col","settings":{"col_dk":"6","col_dk_w":"33.33333","col_tb":"12","col_dk_w_tb":"33.33333","col_mb":"12","align_vertical":true,"content_align":"center","content_align_tablet":"center","content_align_mobile":"center","padding_inner":"30px,,30px","padding_inner_tb":"30px,,30px","padding_inner_mb":"30px,,30px","round_inner":"","round_tb_inner":"","round_mb_inner":"","bg_cl":"#0b2d14","time_animation":1,"animation_delay":40}},"55ed9c3c-0aa9-4de6-b51e-541d2aa88633":{"type":"custom_text","settings":{"text":"GET 10% OFF","remove_br_tag":false,"tag":"h3","fontf":"inherit","text_cl":"#ffffff","text_fs":45,"text_lh":42,"text_fw":400,"text_ls":0,"font_italic":false,"text_shadow":false,"mgb":11,"text_fs_tb":24,"text_lh_tb":32,"text_ls_tb":0,"mgb_tb":10,"hidden_mobile":false,"text_fs_mb":30,"text_lh_mb":40,"text_ls_mb":0,"mgb_mb":10,"animation":"none"}},"a8bbed6a-1e1d-439e-bc04-98ad8db54c7c":{"type":"custom_text","settings":{"text":"Keep up to date with Kiki Bazaar","remove_br_tag":false,"tag":"p","fontf":"3","text_cl":"#ffbb00","text_fs":18,"text_lh":22,"text_fw":400,"text_ls":0,"font_italic":false,"text_shadow":false,"mgb":31,"text_fs_tb":16,"text_lh_tb":0,"text_ls_tb":0,"mgb_tb":10,"hidden_mobile":false,"text_fs_mb":16,"text_lh_mb":0,"text_ls_mb":0,"mgb_mb":10,"animation":"none"}},"1659583294a3aad5b9-4":{"type":"newsletter","settings":{"newl_des":"4","custom_width":true,"form_width":520,"form_width_tb":360,"form_width_mb":320,"newl_size":"extra_large","source_btn":"text","news_icon":"letters","input_cl":"#868686","btn_cl":"#000000","btn_hover_cl":"#ffbb00","border_cl":"#ffffff","mgb":0,"mgb_tb":0,"mgb_mb":0}},"1659583294a3aad5b9-3":{"type":"bl_col","settings":{"col_dk":"6","col_dk_w":"33.33333","col_tb":"12","col_dk_w_tb":"33.33333","col_mb":"12","align_vertical":false,"content_align":"center","content_align_tablet":"center","content_align_mobile":"center","padding_inner":"","padding_inner_tb":"","padding_inner_mb":"","round_inner":"","round_tb_inner":"","round_mb_inner":"","bg_cl":"rgba(0,0,0,0)","time_animation":1,"animation_delay":40}},"65d504e9-c049-4848-8f56-06017ce772bd":{"type":"image","settings":{"image_child":"shopify:\/\/shop_images\/Kiki-Bazaar-Free-Shipping-NewZealand-2025.jpg","img_link":"","open_link":"_self","img_width":0,"img_width_tb":0,"img_width_mb":0,"img_align":"start","img_align_tb":"center","img_align_mobile":"center","b_effect":"none","hidden_mobile":true,"mgb":0,"mgb_tb":0,"mgb_mb":0,"animation":"none"}},"db8bb50d-a2bc-41fc-8c6d-17e5af795340":{"type":"bl_col","disabled":true,"settings":{"col_dk":"6","col_dk_w":"33.33333","col_tb":"6","col_dk_w_tb":"33.33333","col_mb":"12","align_vertical":false,"content_align":"center","content_align_tablet":"center","content_align_mobile":"center","padding_inner":",15px,,","padding_inner_tb":",7.5px,,","padding_inner_mb":"","round_inner":"","round_tb_inner":"","round_mb_inner":"","bg_cl":"#ffffff","time_animation":1,"animation_delay":40}},"bad1f198-67ce-4f35-891a-a56a74560838":{"type":"image","disabled":true,"settings":{"image_child":"shopify:\/\/shop_images\/cat-investigates-glassware-in-light-new.webp","img_link":"shopify:\/\/blogs\/guides\/retro-glassware","open_link":"_self","img_width":0,"img_width_tb":0,"img_width_mb":0,"img_align":"center","img_align_tb":"center","img_align_mobile":"center","b_effect":"none","hidden_mobile":false,"mgb":28,"mgb_tb":20,"mgb_mb":20,"animation":"none"}},"5cd7cbaa-047c-4797-972f-60193dd06cd6":{"type":"custom_text","disabled":true,"settings":{"text":"Coloured Glassware","remove_br_tag":false,"tag":"p","fontf":"inherit","text_cl":"#000000","text_fs":24,"text_lh":40,"text_fw":400,"text_ls":0,"font_italic":false,"text_shadow":false,"mgb":3,"text_fs_tb":20,"text_lh_tb":0,"text_ls_tb":0,"mgb_tb":10,"hidden_mobile":false,"text_fs_mb":20,"text_lh_mb":25,"text_ls_mb":0,"mgb_mb":10,"animation":"none"}},"299ffddb-f789-405b-9a59-6939e52382a2":{"type":"custom_text","disabled":true,"settings":{"text":"Discover these classic designs making a comeback!","remove_br_tag":true,"tag":"p","fontf":"inherit","text_cl":"#868686","text_fs":16,"text_lh":23,"text_fw":400,"text_ls":0,"font_italic":false,"text_shadow":false,"mgb":15,"text_fs_tb":14,"text_lh_tb":24,"text_ls_tb":0,"mgb_tb":10,"hidden_mobile":false,"text_fs_mb":16,"text_lh_mb":20,"text_ls_mb":0,"mgb_mb":10,"animation":"none"}},"ff98fc38-d7ef-41c9-8775-34d1c5505cec":{"type":"custom_button","disabled":true,"settings":{"button_text":"View Guides","button_link":"shopify:\/\/blogs\/guides\/retro-glassware","target_link":"_self","fontf":"inherit","button_icon_w":0,"button_style":"bordered","border_w":3,"button_effect":"default","pri_cl":"#222222","second_cl":"#ffffff","pri_cl_hover":"#ffbb00","second_cl_hover":"#ffffff","fsbutton":16,"fwbutton":400,"button_ls":0,"button_mh":30,"button_bdr":0,"button_pd_lr":30,"mgb":10,"button_icon_w_tb":0,"fsbutton_tb":13,"button_mh_tb":36,"button_pd_lr_tb":15,"button_ls_tb":0,"mgb_tb":0,"hidden_mobile":false,"button_icon_w_mb":0,"fsbutton_mb":16,"button_mh_mb":36,"button_pd_lr_mb":15,"button_ls_mb":0,"mgb_mb":15,"animation":"none"}},"20b59927-ebd8-49ca-ad51-b5aff7a9e2ef":{"type":"bl_col","disabled":true,"settings":{"col_dk":"6","col_dk_w":"33.33333","col_tb":"6","col_dk_w_tb":"33.33333","col_mb":"12","align_vertical":false,"content_align":"center","content_align_tablet":"center","content_align_mobile":"center","padding_inner":",,,15px","padding_inner_tb":",,,7.5px","padding_inner_mb":"","round_inner":"","round_tb_inner":"","round_mb_inner":"","bg_cl":"#ffffff","time_animation":1,"animation_delay":40}},"e6f2a2f2-8b3b-40bb-ae6c-8c6f0f707f3f":{"type":"image","disabled":true,"settings":{"image_child":"shopify:\/\/shop_images\/Kiki-Bazaar-Sourcing-Homewares-Lisbon-Portuguese-Decor-Research-2023-pic-thanks-joao-reguengos.jpg","img_link":"shopify:\/\/blogs\/travel","open_link":"_self","img_width":0,"img_width_tb":0,"img_width_mb":0,"img_align":"center","img_align_tb":"center","img_align_mobile":"center","b_effect":"none","hidden_mobile":false,"mgb":28,"mgb_tb":20,"mgb_mb":20,"animation":"none"}},"0962cc18-c46d-41e1-9cb0-feab10693b45":{"type":"custom_text","disabled":true,"settings":{"text":"Sourcing Trip: Product Hunt Lisbon","remove_br_tag":false,"tag":"p","fontf":"inherit","text_cl":"#000000","text_fs":24,"text_lh":40,"text_fw":400,"text_ls":0,"font_italic":false,"text_shadow":false,"mgb":3,"text_fs_tb":20,"text_lh_tb":0,"text_ls_tb":0,"mgb_tb":10,"hidden_mobile":false,"text_fs_mb":20,"text_lh_mb":20,"text_ls_mb":0,"mgb_mb":10,"animation":"none"}},"2fd3d6fc-94de-4dd2-8031-32ecd26ad03d":{"type":"custom_text","disabled":true,"settings":{"text":"Follow along on our sourcing journey in 2023","remove_br_tag":true,"tag":"p","fontf":"inherit","text_cl":"#868686","text_fs":16,"text_lh":23,"text_fw":400,"text_ls":0,"font_italic":false,"text_shadow":false,"mgb":15,"text_fs_tb":16,"text_lh_tb":24,"text_ls_tb":0,"mgb_tb":10,"hidden_mobile":false,"text_fs_mb":16,"text_lh_mb":20,"text_ls_mb":0,"mgb_mb":10,"animation":"none"}},"97befe61-04bc-4f53-ab93-8fc8ee053540":{"type":"custom_button","disabled":true,"settings":{"button_text":"View in Travel","button_link":"shopify:\/\/blogs\/travel","target_link":"_self","fontf":"inherit","button_icon_w":0,"button_style":"bordered","border_w":2,"button_effect":"default","pri_cl":"#222222","second_cl":"","pri_cl_hover":"#ffbb00","second_cl_hover":"#ffffff","fsbutton":16,"fwbutton":400,"button_ls":0,"button_mh":30,"button_bdr":0,"button_pd_lr":30,"mgb":10,"button_icon_w_tb":0,"fsbutton_tb":13,"button_mh_tb":36,"button_pd_lr_tb":15,"button_ls_tb":0,"mgb_tb":0,"hidden_mobile":false,"button_icon_w_mb":0,"fsbutton_mb":16,"button_mh_mb":36,"button_pd_lr_mb":15,"button_ls_mb":0,"mgb_mb":10,"animation":"none"}}},"block_order":["1659583294a3aad5b9-0","55ed9c3c-0aa9-4de6-b51e-541d2aa88633","a8bbed6a-1e1d-439e-bc04-98ad8db54c7c","1659583294a3aad5b9-4","1659583294a3aad5b9-3","65d504e9-c049-4848-8f56-06017ce772bd","db8bb50d-a2bc-41fc-8c6d-17e5af795340","bad1f198-67ce-4f35-891a-a56a74560838","5cd7cbaa-047c-4797-972f-60193dd06cd6","299ffddb-f789-405b-9a59-6939e52382a2","ff98fc38-d7ef-41c9-8775-34d1c5505cec","20b59927-ebd8-49ca-ad51-b5aff7a9e2ef","e6f2a2f2-8b3b-40bb-ae6c-8c6f0f707f3f","0962cc18-c46d-41e1-9cb0-feab10693b45","2fd3d6fc-94de-4dd2-8031-32ecd26ad03d","97befe61-04bc-4f53-ab93-8fc8ee053540"],"settings":{"space_h_item":"0","space_v_item":"20","space_h_item_tb":"15","space_v_item_tb":"10","space_h_item_mb":"0","space_v_item_mb":"0","layout":"t4s-container-fluid","cl_bg":"","cl_bg_gradient":"","mg":",,20px,","pd":",5px,,5px","mg_tb":",,50px,","pd_tb":",30px,,30px","mg_mb":",,15px,","pd_mb":",0px,,0px"}},"2d2aa05e-3239-4d44-8870-903297654919":{"type":"featured-collection","disabled":true,"name":"Ceramics collection","settings":{"design_heading":"1","heading_center":true,"top_heading":"","top_subheading":"<h4>Ceramics - Handmade in Spain<\/h4>","head_bigger":false,"tophead_mb":50,"tophead_mb_tb":32,"tophead_mb_mb":30,"collection":"featured-spanish-ceramics","product_des":"2","rating_pos":"1","list_color_pos":"1","list_size_pos":"1","show_vendor":false,"use_cdt":false,"image_ratio":"ratio1_1","image_size":"contain","image_position":"8","content_align":"center","limit":4,"col_dk":"4","col_tb":"4","col_mb":"2","space_h_item":"30","space_v_item":"0","space_h_item_tb":"15","space_v_item_tb":"0","space_h_item_mb":"10","space_v_item_mb":"0","layout_des":"1","border_pr":true,"loop":true,"au_time":0,"au_hover":true,"nav_btn":false,"btn_pos":"in","btn_distance":15,"btn_vi":"hover","btn_owl":"default","btn_shape":"none","btn_cl":"dark","btn_size":"small","btn_hidden_mobile":false,"nav_dot":true,"dot_owl":"default","dots_cl":"dark","dots_round":true,"dots_space":15,"dots_bottom_pos":43,"dots_hidden_mobile":false,"border_pr_img":false,"use_pagination":"none","enable_bar_lm":true,"text_view_all":"","btn_icon":false,"btn_rounded":false,"button_style":"default","btns_size":"large","btns_cl":"dark","button_effect":"default","btns_pos":"t4s-text-center","head_btn_label":"Shop All","head_btn_url":"","head_btn_icon":true,"head_btn_rounded":false,"head_button_style":"outline","head_btns_size":"medium","head_btns_cl":"dark","head_button_effect":"default","hidden_btn_mb":false,"head_slide_btn":false,"layout":"t4s-container-fluid","cl_bg":"","cl_bg_gradient":"","mg":"50px,,50px,","pd":",90px,,90px","mg_tb":",,50px,","pd_tb":",15px,,15px","mg_mb":"30px,,30px,","pd_mb":",15px,,15px"}},"featured_collection_JHArjT":{"type":"featured-collection","settings":{"design_heading":"1","heading_center":true,"top_heading":"","top_subheading":"<h4>Summer Sarongs. In Stock Now<\/h4>","head_bigger":false,"tophead_mb":50,"tophead_mb_tb":30,"tophead_mb_mb":30,"collection":"sarongs-pareos","product_des":"3","rating_pos":"1","list_color_pos":"1","list_size_pos":"1","show_vendor":false,"use_cdt":false,"image_ratio":"rationt","image_size":"contain","image_position":"8","content_align":"center","limit":4,"col_dk":"4","col_tb":"4","col_mb":"2","space_h_item":"30","space_v_item":"0","space_h_item_tb":"15","space_v_item_tb":"0","space_h_item_mb":"10","space_v_item_mb":"0","layout_des":"1","border_pr":true,"loop":true,"au_time":0,"au_hover":true,"nav_btn":false,"btn_pos":"in","btn_distance":15,"btn_vi":"hover","btn_owl":"default","btn_shape":"none","btn_cl":"dark","btn_size":"small","btn_hidden_mobile":false,"nav_dot":true,"dot_owl":"default","dots_cl":"dark","dots_round":true,"dots_space":15,"dots_bottom_pos":43,"dots_hidden_mobile":false,"border_pr_img":false,"use_pagination":"none","enable_bar_lm":true,"text_view_all":"","btn_icon":false,"btn_rounded":false,"button_style":"default","btns_size":"large","btns_cl":"dark","button_effect":"default","btns_pos":"t4s-text-center","head_btn_label":"Shop All","head_btn_url":"","head_btn_icon":true,"head_btn_rounded":false,"head_button_style":"outline","head_btns_size":"medium","head_btns_cl":"dark","head_button_effect":"default","hidden_btn_mb":false,"head_slide_btn":false,"layout":"t4s-container-fluid","cl_bg":"","cl_bg_gradient":"","mg":",,50px,","pd":",90px,,90px","mg_tb":",,50px,","pd_tb":",15px,,15px","mg_mb":",,30px,","pd_mb":",15px,,15px"}},"d743e19b-56f7-44e0-9e0d-b3ca4166af2e":{"type":"featured-collection","disabled":true,"settings":{"design_heading":"1","heading_center":true,"top_heading":"","top_subheading":"<h4>Shop Gift Ideas<\/h4>","head_bigger":false,"tophead_mb":50,"tophead_mb_tb":30,"tophead_mb_mb":30,"collection":"gift-ideas-gifting","product_des":"3","rating_pos":"1","list_color_pos":"1","list_size_pos":"1","show_vendor":false,"use_cdt":false,"image_ratio":"rationt","image_size":"contain","image_position":"8","content_align":"center","limit":4,"col_dk":"4","col_tb":"4","col_mb":"2","space_h_item":"30","space_v_item":"0","space_h_item_tb":"15","space_v_item_tb":"0","space_h_item_mb":"10","space_v_item_mb":"0","layout_des":"1","border_pr":true,"loop":true,"au_time":0,"au_hover":true,"nav_btn":false,"btn_pos":"in","btn_distance":15,"btn_vi":"hover","btn_owl":"default","btn_shape":"none","btn_cl":"dark","btn_size":"small","btn_hidden_mobile":false,"nav_dot":true,"dot_owl":"default","dots_cl":"dark","dots_round":true,"dots_space":15,"dots_bottom_pos":43,"dots_hidden_mobile":false,"border_pr_img":false,"use_pagination":"none","enable_bar_lm":true,"text_view_all":"","btn_icon":false,"btn_rounded":false,"button_style":"default","btns_size":"large","btns_cl":"dark","button_effect":"default","btns_pos":"t4s-text-center","head_btn_label":"Shop All","head_btn_url":"","head_btn_icon":true,"head_btn_rounded":false,"head_button_style":"outline","head_btns_size":"medium","head_btns_cl":"dark","head_button_effect":"default","hidden_btn_mb":false,"head_slide_btn":false,"layout":"t4s-container-fluid","cl_bg":"","cl_bg_gradient":"","mg":",,50px,","pd":",90px,,90px","mg_tb":",,50px,","pd_tb":",15px,,15px","mg_mb":",,30px,","pd_mb":",15px,,15px"}},"16595831268986d02b":{"type":"featured-collection","name":"Clearance Carousel","settings":{"design_heading":"1","heading_center":true,"top_heading":"","top_subheading":"<h3>Clearance 30-50% Off<\/h3>","head_bigger":false,"tophead_mb":50,"tophead_mb_tb":30,"tophead_mb_mb":30,"collection":"clearance","product_des":"3","rating_pos":"1","list_color_pos":"1","list_size_pos":"1","show_vendor":false,"use_cdt":false,"image_ratio":"ratio1_1","image_size":"contain","image_position":"8","content_align":"center","limit":4,"col_dk":"4","col_tb":"3","col_mb":"2","space_h_item":"30","space_v_item":"0","space_h_item_tb":"15","space_v_item_tb":"0","space_h_item_mb":"10","space_v_item_mb":"0","layout_des":"1","border_pr":true,"loop":true,"au_time":0,"au_hover":true,"nav_btn":false,"btn_pos":"in","btn_distance":15,"btn_vi":"hover","btn_owl":"default","btn_shape":"none","btn_cl":"dark","btn_size":"small","btn_hidden_mobile":false,"nav_dot":true,"dot_owl":"default","dots_cl":"dark","dots_round":true,"dots_space":15,"dots_bottom_pos":43,"dots_hidden_mobile":false,"border_pr_img":false,"use_pagination":"none","enable_bar_lm":true,"text_view_all":"","btn_icon":false,"btn_rounded":false,"button_style":"default","btns_size":"large","btns_cl":"dark","button_effect":"default","btns_pos":"t4s-text-center","head_btn_label":"Shop All","head_btn_url":"","head_btn_icon":true,"head_btn_rounded":false,"head_button_style":"outline","head_btns_size":"medium","head_btns_cl":"dark","head_button_effect":"default","hidden_btn_mb":false,"head_slide_btn":false,"layout":"t4s-container-fluid","cl_bg":"","cl_bg_gradient":"","mg":",,50px,","pd":",90px,,90px","mg_tb":",,50px,","pd_tb":",15px,,15px","mg_mb":",,30px,","pd_mb":",15px,,15px"}},"custom_line_b33mCW":{"type":"custom-line","settings":{"line_style":"solid","line_width":100,"line_height":2,"line_cl":"#000000","line_pos":"t4s-text-start","layout":"t4s-container-wrap","mg":",,54px,","mg_tb":",,30px,","mg_mb":",,30px,"}},"promo_text_yTbDAL":{"type":"promo-text","blocks":{"1_gGFLec":{"type":"1","settings":{"content":"<h3>Customer Reviews<\/h3>","countdown":"","cus_cd":"","dayx":0,"cl_text":"#000000","cl_link":"#0ec1ae","fw_text":600,"fs_text":19,"lh_text":0,"ls_text":0,"fs_text_tb":12,"lh_text_tb":0,"ls_text_tb":0,"fs_text_mb":17,"lh_text_mb":0,"ls_text_mb":0}}},"block_order":["1_gGFLec"],"name":"Promo text","settings":{"effect":"slider","loop":true,"au_time":0,"au_hover":true,"nav_btn":false,"btn_pos":"in","btn_distance":15,"btn_vi":"hover","btn_owl":"default","btn_shape":"none","btn_cl":"dark","btn_size":"small","btn_hidden_mobile":true,"layout":"t4s-container-wrap","custom_width":1000,"cl_bg":"#ffffff","cl_bg_gradient":"","mg":",,50px,","pd":"12px,,12px,","mg_tb":",,50px,","pd_tb":"12px,,12px,","mg_mb":",,0px,","pd_mb":"10px,,10px,"}},"1737419670c1a84a02":{"type":"apps","blocks":{"appio_google_reviews_list_mLaj4K":{"type":"shopify:\/\/apps\/appio-google-reviews\/blocks\/list\/25437a0d-2feb-4f5f-b07d-e313afa21656","settings":{"title_type":"h2","show_business_summary":true,"show_business_summary_rating":true,"show_business_summary_total_review":true,"show_business_summary_summary_rating":true,"business_summary_background":"rgba(0,0,0,0)","business_summary_color":"#3a454f","card_background_color":"#f8f8f8","card_text_color":"#747171","star_color":"#fbbc05","max_line_review_content":4,"review_per_page_mobile":"100","show_reviewer_avatar":true,"show_reviewer_name_detail":true,"show_review_date":true,"show_verified_badge":true,"show_review_photos":true,"show_liked_review":true,"show_leave_review_button":true,"button_color":"#ffffff","button_background":"#4285f4"}}},"block_order":["appio_google_reviews_list_mLaj4K"],"name":"Google reviews","settings":{}},"1659581403b4b783a7":{"type":"shipping","blocks":{"1659581403456a56f4-0":{"type":"shipping","settings":{"icon_themes":"box1","image_icon":"shopify:\/\/shop_images\/Free-Shipping-New-Zealand-Australia-Kiki-Bazaar.png","icon":"las la-shipping-fast","title":"NZ & AU SHIPPING","text":"<p>FAST next-day shipping where available.<\/p>"}},"1659581403456a56f4-1":{"type":"shipping","settings":{"icon_themes":"box2","image_icon":"shopify:\/\/shop_images\/30-Day-Simple-Returns-Easy-Returns-Kiki-Bazaar.png","icon":"las la-redo-alt","title":"SIMPLE RETURNS","text":"<p>30 days for exchange or a credit.<\/p>"}},"1659581403456a56f4-2":{"type":"shipping","settings":{"icon_themes":"shield1","image_icon":"shopify:\/\/shop_images\/Simple-Payments-Visa-MasterCard-Lay-By-AfterPay-ApplePay-GPay-Kiki-Bazaar.png","icon":"las la-shield-alt","title":"EASY PAYMENTS","text":"<p>Debit, Credit, Layby, Apple Pay, Afterpay<\/p>"}},"1659581403456a56f4-3":{"type":"shipping","settings":{"icon_themes":"customer-service","image_icon":"shopify:\/\/shop_images\/Friendly-Service-24-7-Online-Call-Us-Anytime-Kiki-Bazaar.png","icon":"las la-phone","title":"FRIENDLY SERVICE","text":"<p>We're here to help!<\/p>"}}},"block_order":["1659581403456a56f4-0","1659581403456a56f4-1","1659581403456a56f4-2","1659581403456a56f4-3"],"settings":{"design_heading":"1","heading_center":true,"top_heading":"","top_subheading":"<h4>Shop With Confidence<\/h4>","tophead_mb":10,"tophead_mb_tb":30,"tophead_mb_mb":25,"content_align":"text-start","align_vertical":false,"divided":false,"src_icon":"get_image","icon_size":"large","icon_effect":"none","col_dk":"4","col_tb":"4","col_mb":"1","icon_cl":"#000000","hd_cl":"#000000","content_cl":"#000000","bg_wrap_cl":"#ffffff","hd_fs":14,"hd_fw":600,"txt_fs":14,"space_h_item":"20","space_v_item":"20","space_h_item_mb":"10","space_v_item_mb":"20","padding_inner":"","padding_inner_tb":"","padding_inner_mb":"","carousel_mobile":false,"dots_cl":"dark","dots_round":true,"layout":"t4s-container-wrap","custom_width":1000,"cl_bg":"#ffffff","cl_bg_gradient":"","mg":",,63px,","pd":",90px,,70px","mg_tb":",,50px,","pd_tb":",15px,,15px","mg_mb":",,20px,","pd_mb":",15px,,15px"}},"746a0070-a008-436a-b7e4-638e95ef2b6d":{"type":"custom-line","settings":{"line_style":"solid","line_width":100,"line_height":2,"line_cl":"#868686","line_pos":"t4s-text-start","layout":"t4s-container-wrap","mg":",,60px,","mg_tb":",,30px,","mg_mb":",,30px,"}},"453af8ee-dbc8-43e2-a2f5-b680306b6ed2":{"type":"shipping","blocks":{"76d1b036-678f-4156-ba8b-dd7a947d4f66":{"type":"shipping","settings":{"icon_themes":"box1","icon":"las la-hands","title":"","text":"<p>Handcrafted by global makers & designers<\/p>"}},"95b76701-b5c5-437a-be00-38b5e762e220":{"type":"shipping","settings":{"icon_themes":"box2","icon":"las la-tree","title":"","text":"<p>Made of natural & recycled materials<\/p>"}},"a7198b4a-3dfc-4689-af15-3c9e3d9e576e":{"type":"shipping","settings":{"icon_themes":"shield1","icon":"las la-recycle","title":"","text":"<p>Promoting sustainable production<\/p>"}},"f2652858-237c-47a1-860c-6d79d4f7ebdc":{"type":"shipping","settings":{"icon_themes":"customer-service","icon":"las la-hand-holding-heart","title":"","text":"<p>Supporting fair trade policy & practice<\/p>"}}},"block_order":["76d1b036-678f-4156-ba8b-dd7a947d4f66","95b76701-b5c5-437a-be00-38b5e762e220","a7198b4a-3dfc-4689-af15-3c9e3d9e576e","f2652858-237c-47a1-860c-6d79d4f7ebdc"],"settings":{"design_heading":"1","heading_center":true,"top_heading":"","top_subheading":"<h4>Kiki Cares - Our Commitment<\/h4>","tophead_mb":10,"tophead_mb_tb":30,"tophead_mb_mb":25,"content_align":"text-start","align_vertical":false,"divided":false,"src_icon":"line_awesome","icon_size":"large","icon_effect":"none","col_dk":"4","col_tb":"4","col_mb":"1","icon_cl":"#000000","hd_cl":"#000000","content_cl":"#000000","bg_wrap_cl":"#ffffff","hd_fs":12,"hd_fw":600,"txt_fs":14,"space_h_item":"30","space_v_item":"30","space_h_item_mb":"10","space_v_item_mb":"20","padding_inner":"","padding_inner_tb":"","padding_inner_mb":"","carousel_mobile":true,"dots_cl":"primary","dots_round":true,"layout":"t4s-container-wrap","custom_width":1000,"cl_bg":"#ffffff","cl_bg_gradient":"","mg":",,63px,","pd":",90px,,70px","mg_tb":",,50px,","pd_tb":",15px,,15px","mg_mb":",,20px,","pd_mb":",15px,,15px"}}},"order":["custom_line_pJbF4E","collections_with_banner_rWh7Xh","collections_with_banner_KpXhxx","collections_list_6TDFVC","hero_image_7GF6G7","featured_collection_UrEfmj","featured_collection_4WkRfX","284bbc64-3174-41b7-8ef9-fa6d13f3301c","1659942911e820daf1","623aec48-4e36-4ba7-9004-695fbae78415","165994593816b134fa","165958709054767974","16595832940700a895","2d2aa05e-3239-4d44-8870-903297654919","featured_collection_JHArjT","d743e19b-56f7-44e0-9e0d-b3ca4166af2e","16595831268986d02b","custom_line_b33mCW","promo_text_yTbDAL","1737419670c1a84a02","1659581403b4b783a7","746a0070-a008-436a-b7e4-638e95ef2b6d","453af8ee-dbc8-43e2-a2f5-b680306b6ed2"]}