{"sections":{"heading_template":{"type":"heading-template","blocks":{"a61b5459-0dd8-4796-a9c8-e3f1ee42dfb9":{"type":"1","settings":{"heading":"Collections","fontf":"3","text_cl":"#000000","text_fs":40,"text_lh":30,"text_fw":500,"text_ls":0,"font_italic":false,"font_uppercase":false,"text_shadow":false,"mgb":10,"text_fs_tb":20,"text_lh_tb":18,"text_ls_tb":0,"mgb_tb":0,"hidden_mobile":false,"text_fs_mb":30,"text_lh_mb":30,"text_ls_mb":0,"mgb_mb":0}},"c28ea97a-7772-484b-8400-1fa7e04a675f":{"type":"3","settings":{"breadcrumb_color":"#ffbb00","breadcrumb_color_link":"#000000","brc_mgb":0}}},"block_order":["a61b5459-0dd8-4796-a9c8-e3f1ee42dfb9","c28ea97a-7772-484b-8400-1fa7e04a675f"],"settings":{"parallax":true,"color":"#000000","overlay":0,"padding_top":40,"padding_bottom":30,"mg_b":0,"padding_top_tb":20,"padding_bottom_tb":17.5,"mg_btb":0,"padding_top_mb":20,"padding_bottom_mb":10,"mg_bmb":0,"box_border":"top_bottom","bg_pos":"left center","bg_repeat":"repeat","bg_size":"inherit"}},"main":{"type":"main-list-collections","disabled":true,"settings":{"cat_design":"1","title_cl":"#ffffff","title_cl_hover":"#222222","subtitle_cl":"#868686","count_cl":"#222222","border_cl":"#e6e6e6","display_type":"all","limit":12,"layout_des":"1","col_dk":"3","col_tb":"3","col_mb":"2","space_h_item":"30","space_v_item":"30","space_h_item_tb":"15","space_v_item_tb":"15","space_h_item_mb":"15","space_v_item_mb":"15","title_fs":16,"title_fw":200,"pr_txt":"products","content_pos":"1","space_bottom":20,"space_bottom_tb":10,"space_bottom_mb":10,"content_width":160,"content_height":60,"content_width_tb":140,"content_height_tb":40,"content_width_mb":100,"content_height_mb":40,"border":false,"item_pd":0,"item_rd":0,"img_effect":"none","image_ratio":"t4s_rationt","image_size":"t4s_cover","image_position":"t4s_position_8","use_pagination":"load-more","enable_bar_lm":false,"btn_icon":false,"btn_rounded":false,"button_style":"default","btns_size":"default","btns_cl":"dark","button_effect":"fade","layout":"t4s-container-wrap","cl_bg":"","cl_bg_gradient":"","mg":",,50px,","pd":"","mg_mb":",,30px,","pd_mb":""}},"57660823-9e54-461b-8971-06449773d4ef":{"type":"collections-list","blocks":{"dc5dab01-d7a3-4b6b-b870-1fb5d7fe6892":{"type":"collection_item","settings":{"collection":"woven-fans-wall-art","image":"shopify:\/\/shop_images\/WovenFan-Noir.jpg","title":"Woven Fans","collection_badge":"","collection_link":"","show_count":false,"button_label":"Shop Now"}},"d770628a-a3f2-4e9c-a3aa-0d7488ad4f0b":{"type":"collection_item","settings":{"collection":"jugs-vases","image":"shopify:\/\/shop_images\/Gluggle-Jugs-Kiki-Bazaar-2024.jpg","title":"","collection_badge":"","collection_link":"","show_count":false,"button_label":"Shop Now"}},"collection_item_DfapFy":{"type":"collection_item","settings":{"collection":"pottery-ceramics","image":"shopify:\/\/shop_images\/LargeServingBowl-Botanicalcloseup.jpg","title":"Ceramics & Pottery","collection_badge":"","collection_link":"","show_count":false,"button_label":"Shop Now"}},"6e82fa59-f750-47f6-8cd2-0e3ad4a166a3":{"type":"collection_item","settings":{"collection":"prints-wall-art","image":"shopify:\/\/shop_images\/110960-EnikEged-MustangParty_3.jpg","title":"","collection_badge":"","collection_link":"","show_count":false,"button_label":"Shop Now"}},"template--20125077012801__57660823-9e54-461b-8971-06449773d4ef-collection_item-3":{"type":"collection_item","settings":{"collection":"cotton-totes","image":"shopify:\/\/shop_images\/IMG-20251210-WA0042_b3f892c3-265f-482a-b1d9-b1766b464315.jpg","title":"Tote Bags","collection_badge":"","collection_link":"","show_count":false,"button_label":"Shop Now"}},"template--20125077012801__57660823-9e54-461b-8971-06449773d4ef-collection_item-1":{"type":"collection_item","settings":{"collection":"bags-baskets","image":"shopify:\/\/shop_images\/Market-Basket-Kiki-Bazaar-2025.jpg","title":"","collection_badge":"","collection_link":"","show_count":false,"button_label":"Shop Now"}},"template--20125077012801__57660823-9e54-461b-8971-06449773d4ef-collection_item-4":{"type":"collection_item","settings":{"collection":"","image":"shopify:\/\/shop_images\/Instagram_post_-_106x_60a2c591-54a2-4d33-99c8-4dfc34918a26.png","title":"","collection_badge":"","collection_link":"shopify:\/\/collections\/clearance","show_count":false,"button_label":"Shop Now"}},"89aab542-4299-40ac-af0d-225f8d6c3e8b":{"type":"collection_item","settings":{"collection":"drinking-glasses-tumblers","image":"shopify:\/\/shop_images\/Beldi-Glasses-CobaltBlue-01.jpg","title":"Glassware & Tumblers","collection_badge":"","collection_link":"","show_count":false,"button_label":"Shop Now"}},"collection_item_t7EWW4":{"type":"collection_item","settings":{"collection":"cups-mugs","image":"shopify:\/\/shop_images\/IMG_4566.jpg","title":"Cups & Mugs","collection_badge":"","collection_link":"","show_count":false,"button_label":"Shop Now"}},"b907cfac-0531-43f6-bf14-71cd49b85866":{"type":"collection_item","settings":{"collection":"rugs-mats","image":"shopify:\/\/shop_images\/Red-Confetti-Rug.jpg","title":"","collection_badge":"","collection_link":"shopify:\/\/collections\/rugs-mats","show_count":false,"button_label":"Shop Now"}},"02e474ce-28ff-41a9-a085-23db09bd53be":{"type":"collection_item","settings":{"collection":"table-dining","image":"shopify:\/\/shop_images\/VEDRATABLERUNNER8.jpg","title":"","collection_badge":"","collection_link":"","show_count":false,"button_label":"Shop Now"}},"template--20125077012801__57660823-9e54-461b-8971-06449773d4ef-collection_item-2":{"type":"collection_item","settings":{"collection":"sarongs-pareos","image":"shopify:\/\/shop_images\/Chrysanthemum_Sarong_-_Berry_2.jpg","title":"","collection_badge":"","collection_link":"","show_count":false,"button_label":"Shop Now"}},"collection_item_497wAn":{"type":"collection_item","settings":{"collection":"jewellery","image":"shopify:\/\/shop_images\/IMG_9967Medium.jpg","title":"","collection_badge":"","collection_link":"","show_count":false,"button_label":"Shop Now"}},"9879b0ff-af04-4ad1-9201-6f535c3828c5":{"type":"collection_item","settings":{"collection":"gift-ideas-gifting","title":"","collection_badge":"","collection_link":"","show_count":false,"button_label":"Shop Now"}},"d1823cdb-fc14-4e9f-9551-4f4788f85472":{"type":"collection_item","settings":{"collection":"lighting","title":"","collection_badge":"","collection_link":"","show_count":false,"button_label":"Shop Now"}}},"block_order":["dc5dab01-d7a3-4b6b-b870-1fb5d7fe6892","d770628a-a3f2-4e9c-a3aa-0d7488ad4f0b","collection_item_DfapFy","6e82fa59-f750-47f6-8cd2-0e3ad4a166a3","template--20125077012801__57660823-9e54-461b-8971-06449773d4ef-collection_item-3","template--20125077012801__57660823-9e54-461b-8971-06449773d4ef-collection_item-1","template--20125077012801__57660823-9e54-461b-8971-06449773d4ef-collection_item-4","89aab542-4299-40ac-af0d-225f8d6c3e8b","collection_item_t7EWW4","b907cfac-0531-43f6-bf14-71cd49b85866","02e474ce-28ff-41a9-a085-23db09bd53be","template--20125077012801__57660823-9e54-461b-8971-06449773d4ef-collection_item-2","collection_item_497wAn","9879b0ff-af04-4ad1-9201-6f535c3828c5","d1823cdb-fc14-4e9f-9551-4f4788f85472"],"settings":{"design_heading":"1","heading_center":true,"top_heading":"","top_subheading":"","tophead_mb":30,"tophead_mb_tb":30,"tophead_mb_mb":25,"heading_inline":false,"heading_width":"small","collection_des":"2","title_fs":22,"title_fw":100,"item_content_rd":0,"item_cl":"","pri_cl":"#ffffff","second_cl":"#ffffff","pri_hover_cl":"#000000","second_hover_cl":"#ffffff","badge_cl":"#ffffff","badge_cl2":"#ea0000","content_align":"center","content_pos":"1","enable_bs_hover":false,"padding_inner":"","space_bottom":20,"space_bottom_tb":10,"space_bottom_mb":10,"content_width":120,"content_height":100,"content_width_tb":140,"content_height_tb":40,"content_width_mb":140,"content_height_mb":40,"open_link":"_self","item_rd":0,"img_effect":"none","b_effect":"none","image_ratio":"ratio1_1","image_size":"cover","image_position":"8","layout_des":"1","col_dk":"4","col_tb":"2","col_mb":"2","space_h_item":"20","space_v_item":"20","space_h_item_tb":"10","space_v_item_tb":"10","space_h_item_mb":"8","space_v_item_mb":"8","loop":true,"au_time":0,"au_hover":true,"freeScroll":false,"scrollbar":false,"center_slide":false,"nav_btn":false,"btn_pos":"in","btn_distance":15,"btn_vi":"hover","btn_owl":"default","btn_shape":"none","btn_cl":"dark","btn_size":"small","btn_hidden_mobile":false,"nav_dot":false,"dot_owl":"default","dots_cl":"dark","dots_round":true,"dots_space":10,"dots_position":"default","dots_bottom_pos":20,"dots_hidden_mobile":false,"head_btn_label":"Shop All","head_btn_url":"","head_button_style":"outline","head_btn_icon":true,"btn_rounded":false,"head_btns_size":"default","head_btns_cl":"dark","head_button_effect":"default","hidden_btn_mb":false,"head_slide_btn":false,"layout":"t4s-container-wrap","cl_bg":"","cl_bg_gradient":"","mg":",,50px,","pd":"","mg_tb":",,30px,","pd_tb":"","mg_mb":",,30px,","pd_mb":""}}},"order":["heading_template","main","57660823-9e54-461b-8971-06449773d4ef"]}