{"sections":{"heading":{"type":"heading-template","blocks":{"76e5f4cd-4092-42b8-a081-9d2dc75c4f33":{"type":"1","settings":{"heading":"","fontf":"inherit","text_cl":"#000000","text_fs":40,"text_lh":56,"text_fw":300,"text_ls":0,"font_italic":false,"font_uppercase":false,"text_shadow":false,"mgb":20,"text_fs_tb":35,"text_lh_tb":46,"text_ls_tb":0,"mgb_tb":20,"hidden_mobile":false,"text_fs_mb":35,"text_lh_mb":46,"text_ls_mb":0,"mgb_mb":15}},"65706c2d-2b52-4cdf-9700-dd0d3b819b49":{"type":"3","settings":{"breadcrumb_color":"#868686","breadcrumb_color_link":"#000000","brc_mgb":5}}},"block_order":["76e5f4cd-4092-42b8-a081-9d2dc75c4f33","65706c2d-2b52-4cdf-9700-dd0d3b819b49"],"settings":{"parallax":false,"color":"#000000","overlay":0,"padding_top":50,"padding_bottom":20,"mg_b":20,"padding_top_tb":50,"padding_bottom_tb":20,"mg_btb":20,"padding_top_mb":50,"padding_bottom_mb":20,"mg_bmb":20,"box_border":"top","bg_pos":"center center","bg_repeat":"no-repeat","bg_size":"cover"}},"main":{"type":"main-page","disabled":true,"settings":{"layout":"t4s-container-wrap","cl_bg":"","cl_bg_gradient":"","mg":"60px,,60px,","pd":"","mg_tb":",,50px,","pd_tb":"","mg_mb":",,30px,","pd_mb":""}},"main-pagebrands":{"type":"main-pagebrands","settings":{"options":"linklist","link_list":"","horizontalOrder":true,"enable_limit":true,"limit":5,"label_btn_open":"View more","label_btn_close":"View less","layout":"t4s-container-wrap","cl_bg":"","cl_bg_gradient":"","mg":",,50px,","pd":"","mg_tb":",,50px,","pd_tb":"","mg_mb":",,30px,","pd_mb":""}}},"order":["heading","main","main-pagebrands"]}