{"sections":{"heading":{"type":"heading-template","blocks":{"b49343f1-a16f-4a0c-834a-46b77fe777da":{"type":"1","settings":{"heading":"","fontf":"3","text_cl":"#000000","text_fs":40,"text_lh":60,"text_fw":300,"text_ls":0,"font_italic":false,"font_uppercase":false,"text_shadow":false,"mgb":0,"text_fs_tb":35,"text_lh_tb":46,"text_ls_tb":0,"mgb_tb":0,"hidden_mobile":false,"text_fs_mb":35,"text_lh_mb":46,"text_ls_mb":0,"mgb_mb":0}},"46ff9c32-9810-4c24-b2bd-9c6e38cc2ea8":{"type":"3","settings":{"breadcrumb_color":"#ffbb00","breadcrumb_color_link":"#000000","brc_mgb":0}}},"block_order":["b49343f1-a16f-4a0c-834a-46b77fe777da","46ff9c32-9810-4c24-b2bd-9c6e38cc2ea8"],"settings":{"parallax":false,"color":"#000000","overlay":0,"padding_top":40,"padding_bottom":30,"mg_b":50,"padding_top_tb":50,"padding_bottom_tb":50,"mg_btb":50,"padding_top_mb":50,"padding_bottom_mb":50,"mg_bmb":50,"box_border":"top_bottom","bg_pos":"center center","bg_repeat":"no-repeat","bg_size":"cover"}},"featured_collection_JAahMA":{"type":"featured-collection","settings":{"design_heading":"1","heading_center":true,"top_heading":"","top_subheading":"","head_bigger":false,"tophead_mb":30,"tophead_mb_tb":30,"tophead_mb_mb":25,"collection":"table-dining","product_des":"1","rating_pos":"1","list_color_pos":"1","list_size_pos":"1","show_vendor":false,"use_cdt":false,"image_ratio":"rationt","image_size":"cover","image_position":"8","content_align":"default","limit":8,"col_dk":"4","col_tb":"3","col_mb":"2","space_h_item":"30","space_v_item":"30","space_h_item_tb":"30","space_v_item_tb":"30","space_h_item_mb":"10","space_v_item_mb":"10","layout_des":"2","border_pr":false,"loop":true,"au_time":0,"au_hover":true,"nav_btn":false,"btn_pos":"in","btn_distance":15,"btn_vi":"hover","btn_owl":"default","btn_shape":"none","btn_cl":"dark","btn_size":"small","btn_hidden_mobile":false,"nav_dot":false,"dot_owl":"default","dots_cl":"dark","dots_round":true,"dots_space":10,"dots_bottom_pos":20,"dots_hidden_mobile":false,"border_pr_img":false,"use_pagination":"none","enable_bar_lm":true,"text_view_all":"","btn_icon":false,"btn_rounded":false,"button_style":"default","btns_size":"default","btns_cl":"dark","button_effect":"default","btns_pos":"t4s-text-center","head_btn_label":"Shop All","head_btn_url":"","head_btn_icon":true,"head_btn_rounded":false,"head_button_style":"outline","head_btns_size":"default","head_btns_cl":"dark","head_button_effect":"default","hidden_btn_mb":false,"head_slide_btn":false,"layout":"t4s-container-wrap","cl_bg":"","cl_bg_gradient":"","mg":",,50px,","pd":"","mg_tb":",,30px,","pd_tb":"","mg_mb":",,30px,","pd_mb":""}},"main":{"type":"main-page","settings":{"layout":"t4s-container-wrap","cl_bg":"","cl_bg_gradient":"","mg":",,60px,","pd":"","mg_tb":",,50px,","pd_tb":"","mg_mb":",,30px,","pd_mb":""}}},"order":["heading","featured_collection_JAahMA","main"]}