{"sections":{"heading":{"type":"heading-template","blocks":{"c04f75e6-dfcb-4b9e-a3e7-ca7583d285b5":{"type":"1","settings":{"heading":"","fontf":"3","text_cl":"#000000","text_fs":40,"text_lh":30,"text_fw":300,"text_ls":0,"font_italic":false,"font_uppercase":false,"text_shadow":false,"mgb":20,"text_fs_tb":35,"text_lh_tb":46,"text_ls_tb":0,"mgb_tb":20,"hidden_mobile":false,"text_fs_mb":30,"text_lh_mb":30,"text_ls_mb":0,"mgb_mb":10}},"7cd255d5-40e9-4da7-8d3d-be1407a27726":{"type":"3","settings":{"breadcrumb_color":"#ffbb00","breadcrumb_color_link":"#000000","brc_mgb":5}}},"block_order":["c04f75e6-dfcb-4b9e-a3e7-ca7583d285b5","7cd255d5-40e9-4da7-8d3d-be1407a27726"],"settings":{"parallax":false,"color":"#000000","overlay":0,"padding_top":40,"padding_bottom":30,"mg_b":0,"padding_top_tb":30,"padding_bottom_tb":12.5,"mg_btb":1,"padding_top_mb":20,"padding_bottom_mb":10,"mg_bmb":0,"box_border":"top","bg_pos":"center center","bg_repeat":"no-repeat","bg_size":"cover"}},"main":{"type":"main-page","disabled":true,"settings":{"layout":"t4s-container-wrap","cl_bg":"","cl_bg_gradient":"","mg":"60px,,60px,","pd":"","mg_tb":",,50px,","pd_tb":"","mg_mb":",,30px,","pd_mb":""}},"contact":{"type":"contact","blocks":{"99250a1a-122e-41fa-afa1-b1384bd383a6":{"type":"bl_info","settings":{"heading":"Retail Store + Pick up","text":"<p>Pop by our wonderful new store at 100 Ponsonby Road, Auckland, 1011 <br><br>Need help? Contact us anytime. We'll respond as soon as we can. <\/p>\n\n<p><\/p>\n<p class=\"t4-contact-form__icon\">\n  <i class=\"las la-map-marker\"><\/i><span>Visit us: <br>100 Ponsonby Road, Grey Lynn, Auckland<br>New Zealand, 1011<br><br>\nShop Hours:<br>Mon - Fri - 10am - 5pm<br> Sat - 9am - 4pm<br>Sun - 10am - 3pm<br>Public Hols - Closed\n\n<\/span><\/p><p class=\"t4-contact-form__icon\">\n  <i class=\"las la-phone\"><\/i><span>Contact Lucy on (+64) 021335586<\/span>\n<\/p>\n<p class=\"t4-contact-form__icon\">\n  <i class=\"las la-envelope\"><\/i><span>hello@kikibazaar.com<\/span>\n<\/p><p><\/p>","enable_socials":true,"heading_socials":"Socials","social_mode":"1","social_style":"default","social_size":"large","bd_radius":0,"use_color_set":false,"pri_cl":"#ffbb00","pri_hover_cl":"#000000","space_h_item":"5","space_v_item":"5","space_h_item_mb":"2","space_v_item_mb":"2"}},"00e48eed-b9aa-4434-9adb-bb2b2384a0d7":{"type":"bl_form","settings":{"heading":"Contact Us","sub_heading":"Send us a message & we'll be in touch","enable_phone":false,"enable_full_btn":true,"button_style":"outline","btn_size":"1","btn_cl":"dark"}}},"block_order":["99250a1a-122e-41fa-afa1-b1384bd383a6","00e48eed-b9aa-4434-9adb-bb2b2384a0d7"],"settings":{"source":"map","position_content":"alternative","custom_dk":true,"height_dk":400,"custom_tb":true,"height_tb":200,"custom_mb":true,"height_mb":100,"image":"shopify:\/\/shop_images\/portugal-tiles-b_w-kiki-bazaar.jpg","image_mb":"shopify:\/\/shop_images\/wall-murals-vector-tile-pattern-lisbon-floral-mosaic-mediterranean-seamless-black-and-white-ornam_Medium_e5e7feec-d1dc-4284-9470-64b01e22562e.jpg","map":"<iframe src=\"https:\/\/www.google.com\/maps\/embed?pb=!1m18!1m12!1m3!1d3192.362082775122!2d174.74887339999998!3d-36.857751099999994!2m3!1f0!2f0!3f0!3m2!1i1024!2i768!4f13.1!3m3!1m2!1s0x6d0d4795c83e072b%3A0x407347c0c8355a1a!2s100%20Ponsonby%20Road%2C%20Grey%20Lynn%2C%20Auckland%201011!5e0!3m2!1sen!2snz!4v1762112011263!5m2!1sen!2snz\" width=\"600\" height=\"450\" style=\"border:0;\" allowfullscreen=\"\" loading=\"lazy\" referrerpolicy=\"no-referrer-when-downgrade\"><\/iframe>","filter_gray_map":60,"layout":"t4s-se-container","cl_bg":"#000000","cl_bg_gradient":"","mg":",,50px,","pd":"","mg_tb":",,50px,","pd_tb":"","mg_mb":",,30px,","pd_mb":"50"}}},"order":["heading","main","contact"]}