{"sections":{"heading":{"type":"heading-template","blocks":{"545e0e86-1cdf-4b47-bb3e-b4d0a4fce8a7":{"type":"1","settings":{"heading":"About Us","fontf":"3","text_cl":"#000000","text_fs":40,"text_lh":50,"text_fw":300,"text_ls":0,"font_italic":false,"font_uppercase":false,"text_shadow":false,"mgb":0,"text_fs_tb":35,"text_lh_tb":46,"text_ls_tb":0,"mgb_tb":0,"hidden_mobile":false,"text_fs_mb":27,"text_lh_mb":30,"text_ls_mb":0,"mgb_mb":0}},"cfc0d74d-a93d-46e2-b56e-ec6a0e2bcf46":{"type":"3","settings":{"breadcrumb_color":"#ffbb00","breadcrumb_color_link":"#000000","brc_mgb":5}}},"block_order":["545e0e86-1cdf-4b47-bb3e-b4d0a4fce8a7","cfc0d74d-a93d-46e2-b56e-ec6a0e2bcf46"],"settings":{"parallax":false,"color":"#000000","overlay":0,"padding_top":40,"padding_bottom":30,"mg_b":0,"padding_top_tb":30,"padding_bottom_tb":32.5,"mg_btb":0,"padding_top_mb":27.5,"padding_bottom_mb":22.5,"mg_bmb":0,"box_border":"top_bottom","bg_pos":"center center","bg_repeat":"no-repeat","bg_size":"cover"}},"main":{"type":"main-page","disabled":true,"settings":{"layout":"t4s-container-wrap","cl_bg":"","cl_bg_gradient":"","mg":"60px,,60px,","pd":"","mg_tb":",,50px,","pd_tb":"","mg_mb":",,30px,","pd_mb":""}},"1659597329fe567a8c":{"type":"marquee-banner-text","settings":{"se_height":"t4s_ratioadapt_mix","custom_dk":true,"height_dk":400,"custom_tb":true,"height_tb":300,"custom_mb":true,"height_mb":300,"image":"shopify:\/\/shop_images\/KikiBazaar_Alentejo_Regional_Inspirations_1.jpg","parallax":true,"image_position":"0","link_img1":"","open_link":"_blank","content_align":"center","content_width":"auto","icon_scroll":false,"icon_layout":"light","cv_pos":50,"cv_pos_tb":50,"cv_pos_mb":50,"bg_overlay":"#000000","bg_opacity":0,"time_animation":1,"animation_delay":40,"layout":"t4s-container-fluid","cl_bg":"#000000","cl_bg_gradient":"","mg":",,,,","pd":"","mg_tb":",,,,","pd_tb":"","mg_mb":",,,,","pd_mb":""}},"1659597722f6681f4f":{"type":"custom-section","blocks":{"1659597722890d58bc-3":{"type":"bl_col","settings":{"col_dk":"12","col_dk_w":"33.33333","col_tb":"12","col_dk_w_tb":"33.33333","col_mb":"12","align_vertical":false,"content_align":"center","content_align_tablet":"center","content_align_mobile":"center","padding_inner":"30px,,30px","padding_inner_tb":"","padding_inner_mb":"","round_inner":"","round_tb_inner":"","round_mb_inner":"","bg_cl":"rgba(0,0,0,0)","time_animation":1,"animation_delay":40}},"1659597722890d58bc-1":{"type":"custom_text","settings":{"text":"It began with a trip to Portugal's Alentejo region...","remove_br_tag":false,"tag":"p","fontf":"inherit","text_cl":"#000000","text_fs":30,"text_lh":36,"text_fw":400,"text_ls":0,"font_italic":false,"text_shadow":false,"mgb":20,"text_fs_tb":25,"text_lh_tb":28,"text_ls_tb":0,"mgb_tb":15,"hidden_mobile":false,"text_fs_mb":25,"text_lh_mb":28,"text_ls_mb":0,"mgb_mb":15,"animation":"none"}},"1659597722890d58bc-2":{"type":"custom_text","settings":{"text":"Founders Lucy Thompson (Te Aitanga a Hauiti, Ngāti Raukawa ki te Tonga) & Tim Cleghorn, created Kiki Bazaar to share their love of unique homewares and introduce customers to stunning regional crafts from New Zealand and across the world. \n<br> <br> \nAfter time spent abroad travelling  and nurturing their love for artisanal craft and design, they turned their passion into purpose—launching Kiki Bazaar, a showcase of vibrant, creative, and colourful contemporary goods perfect for adding those special touches to your home or the ideal gift. \n<br> <br> \nThe unique Kiki Bazaar collection is curated from skilled makers from regional Portugal and Spain, along with an assortment of artisanal producers and established brands from parts around the world, and local makers from New Zealand.\n<br> <br> \nKiki Bazaar offers an exclusive, rotating selection of high quality, limited edition handmade ceramics, cotton rugs, blankets, mats, baskets and more.\n<br> <br> \nKiki Bazaar aims to spark creativity, individuality and encourage customers to explore new inspirations.\n“We hope that what you find here adds a vibrant, playful touch to your home—making it a touch more colourful, and lively!”\n<br> <br> \nShop less ordinary at Kiki Bazaar.","remove_br_tag":false,"tag":"p","fontf":"inherit","text_cl":"#868686","text_fs":16,"text_lh":30,"text_fw":400,"text_ls":0,"font_italic":false,"text_shadow":false,"mgb":0,"text_fs_tb":14,"text_lh_tb":28,"text_ls_tb":0,"mgb_tb":0,"hidden_mobile":false,"text_fs_mb":15,"text_lh_mb":24,"text_ls_mb":0,"mgb_mb":0,"animation":"none"}}},"block_order":["1659597722890d58bc-3","1659597722890d58bc-1","1659597722890d58bc-2"],"settings":{"space_h_item":"10","space_v_item":"10","space_h_item_tb":"10","space_v_item_tb":"10","space_h_item_mb":"10","space_v_item_mb":"10","layout":"t4s-container-wrap","cl_bg":"","cl_bg_gradient":"","mg":",,50px,","pd":"","mg_tb":"20px,,50px,","pd_tb":"","mg_mb":",,30px,","pd_mb":""}},"165959802606d0c363":{"type":"custom-section","blocks":{"1659598025534a54ac-0":{"type":"bl_col","settings":{"col_dk":"4","col_dk_w":"33.33333","col_tb":"4","col_dk_w_tb":"33.33333","col_mb":"12","align_vertical":false,"content_align":"center","content_align_tablet":"center","content_align_mobile":"center","padding_inner":",11%,,","padding_inner_tb":",6%,,","padding_inner_mb":"","round_inner":"","round_tb_inner":"","round_mb_inner":"","bg_cl":"rgba(0,0,0,0)","time_animation":1,"animation_delay":40}},"eb160e66-b92a-44a9-8b0a-e109ce39c8fe":{"type":"img_pin","settings":{"pr_pin_des":"1","pos_size":"small","product_1":"city-backpack-black","pos_t_1":57,"pos_l_1":60,"pos_popup_1":"top","bg_cl_1":"#995631","cl_text_1":"#ffffff","type_1":"1","shorttxt_1":"$59","product_2":"","pos_t_2":50,"pos_l_2":50,"pos_popup_2":"top","bg_cl_2":"#65affa","cl_text_2":"#ffffff","type_2":"1","shorttxt_2":"$59","product_3":"","pos_t_3":50,"pos_l_3":50,"pos_popup_3":"top","bg_cl_3":"#65affa","cl_text_3":"#ffffff","type_3":"1","shorttxt_3":"$59","product_4":"","pos_t_4":50,"pos_l_4":50,"pos_popup_4":"top","bg_cl_4":"#65affa","cl_text_4":"#ffffff","type_4":"1","shorttxt_4":"$59","product_5":"","pos_t_5":50,"pos_l_5":50,"pos_popup_5":"top","bg_cl_5":"#65affa","cl_text_5":"#ffffff","type_5":"1","shorttxt_5":"$59"}},"1659598025534a54ac-3":{"type":"bl_col","settings":{"col_dk":"4","col_dk_w":"33.33333","col_tb":"4","col_dk_w_tb":"33.33333","col_mb":"12","align_vertical":false,"content_align":"center","content_align_tablet":"center","content_align_mobile":"center","padding_inner":"40%,6%,,6%","padding_inner_tb":"20%,3%,,3%","padding_inner_mb":"","round_inner":"","round_tb_inner":"","round_mb_inner":"","bg_cl":"rgba(0,0,0,0)","time_animation":1,"animation_delay":40}},"1c6bb6fe-0a98-41a3-9a56-d42103169083":{"type":"img_pin","settings":{"pr_pin_des":"1","pos_size":"small","product_1":"bella-tie-shoulder-cami","pos_t_1":64,"pos_l_1":71,"pos_popup_1":"top","bg_cl_1":"#ec4444","cl_text_1":"#ffffff","type_1":"1","shorttxt_1":"$59","product_2":"","pos_t_2":62,"pos_l_2":62,"pos_popup_2":"top","bg_cl_2":"#65affa","cl_text_2":"#ffffff","type_2":"1","shorttxt_2":"$59","product_3":"","pos_t_3":50,"pos_l_3":50,"pos_popup_3":"top","bg_cl_3":"#65affa","cl_text_3":"#ffffff","type_3":"1","shorttxt_3":"$59","product_4":"","pos_t_4":50,"pos_l_4":50,"pos_popup_4":"top","bg_cl_4":"#65affa","cl_text_4":"#ffffff","type_4":"1","shorttxt_4":"$59","product_5":"","pos_t_5":50,"pos_l_5":50,"pos_popup_5":"top","bg_cl_5":"#65affa","cl_text_5":"#ffffff","type_5":"1","shorttxt_5":"$59"}},"ed8eb943-0865-48a7-85f1-ad4a55d87379":{"type":"bl_col","settings":{"col_dk":"4","col_dk_w":"33.33333","col_tb":"4","col_dk_w_tb":"33.33333","col_mb":"12","align_vertical":false,"content_align":"center","content_align_tablet":"center","content_align_mobile":"center","padding_inner":",,,11%","padding_inner_tb":",,,6%","padding_inner_mb":"","round_inner":"","round_tb_inner":"","round_mb_inner":"","bg_cl":"rgba(0,0,0,0)","time_animation":1,"animation_delay":40}},"93fec8b1-4809-461f-bea2-8b208414d52f":{"type":"img_pin","settings":{"pr_pin_des":"1","pos_size":"small","product_1":"adilette-slide-sandal-colorful","pos_t_1":50,"pos_l_1":50,"pos_popup_1":"top","bg_cl_1":"#2456f9","cl_text_1":"#ffffff","type_1":"1","shorttxt_1":"$59","product_2":"","pos_t_2":50,"pos_l_2":50,"pos_popup_2":"top","bg_cl_2":"#65affa","cl_text_2":"#ffffff","type_2":"1","shorttxt_2":"$59","product_3":"","pos_t_3":50,"pos_l_3":50,"pos_popup_3":"top","bg_cl_3":"#65affa","cl_text_3":"#ffffff","type_3":"1","shorttxt_3":"$59","product_4":"","pos_t_4":50,"pos_l_4":50,"pos_popup_4":"top","bg_cl_4":"#65affa","cl_text_4":"#ffffff","type_4":"1","shorttxt_4":"$59","product_5":"","pos_t_5":50,"pos_l_5":50,"pos_popup_5":"top","bg_cl_5":"#65affa","cl_text_5":"#ffffff","type_5":"1","shorttxt_5":"$59"}}},"block_order":["1659598025534a54ac-0","eb160e66-b92a-44a9-8b0a-e109ce39c8fe","1659598025534a54ac-3","1c6bb6fe-0a98-41a3-9a56-d42103169083","ed8eb943-0865-48a7-85f1-ad4a55d87379","93fec8b1-4809-461f-bea2-8b208414d52f"],"disabled":true,"settings":{"space_h_item":"30","space_v_item":"30","space_h_item_tb":"10","space_v_item_tb":"10","space_h_item_mb":"10","space_v_item_mb":"15","layout":"t4s-container-wrap","cl_bg":"","cl_bg_gradient":"","mg":",,110px,","pd":"","mg_tb":",,80px,","pd_tb":"","mg_mb":",,50px,","pd_mb":""}},"28acf279-d20b-4fca-931a-18d57cccdda1":{"type":"image-with-text","blocks":{"template--21545169486145__28acf279-d20b-4fca-931a-18d57cccdda1-bl_image-1":{"type":"bl_image","settings":{"image1":"shopify:\/\/shop_images\/Lucy-Tim-Barcelona-2023-Kiki-Bazaar2.jpg","col_dk":"6","col_tb":"6","layout_des":"carousel","post_mobile":"default","image_ratio":"ratioadapt","image_size":"cover","image_position":"8","loop":true,"au_time":0,"au_hover":true,"nav_btn":false,"btn_vi":"hover","btn_owl":"default","btn_shape":"none","btn_cl":"dark","btn_size":"small","btn_hidden_mobile":true,"nav_dot":false,"dot_owl":"default","dots_cl":"dark","dots_round":true,"dots_space":10,"dots_hidden_mobile":false}},"template--21545169486145__28acf279-d20b-4fca-931a-18d57cccdda1-bl_text-1":{"type":"bl_text","settings":{"col_dk":"6","col_tb":"6","text_size":"30,15","txt_align":"center","heading":"","text":"<p>Tim & Lucy embarked on their first  sourcing trip during mid 2023. This journey took them through Spain, Portugal, Greece and Turkey. <\/p><p>\"After many weeks on the road meeting with producers and makers we were stoked to see our collections packaged up onto pallets and prepared for export to New Zealand.\"<\/p>","hd_color":"#222222","des_color":"#878787","use_shadow":false,"button_label":"Button label","button_link":"","open_link":"_blank","button_style":"default","btn_icon":false,"btn_rounded":false,"btns_size":"default","btns_cl":"dark","button_effect":"default"}}},"block_order":["template--21545169486145__28acf279-d20b-4fca-931a-18d57cccdda1-bl_image-1","template--21545169486145__28acf279-d20b-4fca-931a-18d57cccdda1-bl_text-1"],"settings":{"design_heading":"1","heading_center":true,"top_heading":"","top_subheading":"","tophead_mb":30,"tophead_mb_tb":30,"tophead_mb_mb":25,"space_h_item":"20","space_v_item":"10","space_h_item_tb":"30","space_v_item_tb":"30","space_h_item_mb":"20","space_v_item_mb":"10","layout":"t4s-container-wrap","cl_bg":"","cl_bg_gradient":"","mg":",,50px,","pd":"","mg_tb":",,30px,","pd_tb":"","mg_mb":",,30px,","pd_mb":""}},"1659597722f6681f43":{"type":"custom-section","blocks":{"1659597722890d58bc-7":{"type":"bl_col","settings":{"col_dk":"12","col_dk_w":"33.33333","col_tb":"12","col_dk_w_tb":"33.33333","col_mb":"12","align_vertical":false,"content_align":"center","content_align_tablet":"center","content_align_mobile":"center","padding_inner":"30px,,30px","padding_inner_tb":"","padding_inner_mb":"","round_inner":"","round_tb_inner":"","round_mb_inner":"","bg_cl":"rgba(0,0,0,0)","time_animation":1,"animation_delay":40}},"1659597722890d58bc-8":{"type":"custom_text","settings":{"text":"Meet the peeps","remove_br_tag":false,"tag":"p","fontf":"inherit","text_cl":"#000000","text_fs":30,"text_lh":36,"text_fw":400,"text_ls":0,"font_italic":false,"text_shadow":false,"mgb":20,"text_fs_tb":25,"text_lh_tb":28,"text_ls_tb":0,"mgb_tb":10,"hidden_mobile":false,"text_fs_mb":25,"text_lh_mb":28,"text_ls_mb":0,"mgb_mb":10,"animation":"none"}}},"block_order":["1659597722890d58bc-7","1659597722890d58bc-8"],"disabled":true,"settings":{"space_h_item":"30","space_v_item":"30","space_h_item_tb":"10","space_v_item_tb":"10","space_h_item_mb":"10","space_v_item_mb":"10","layout":"t4s-container-wrap","cl_bg":"","cl_bg_gradient":"","mg":",,,","pd":"","mg_tb":",,,","pd_tb":",,20px,","mg_mb":",,0px,","pd_mb":""}},"16596017839f8025b0":{"type":"our_team","blocks":{"1659601783ba8576b7-0":{"type":"member","settings":{"image":"shopify:\/\/shop_images\/IMG_2679_Medium_995592c1-e281-4f08-82ab-4b129378b963.jpg","name":"Arielle Kim","position":"CEO & Founder","social_facebook_link":"#","social_twitter_link":"#","social_instagram_link":"#","social_dribbble_link":"","social_behance_link":"#","social_tiktok_link":""}},"1659601783ba8576b7-1":{"type":"member","settings":{"name":"Wren Hale","position":"Designer & Model","social_facebook_link":"#","social_twitter_link":"#","social_instagram_link":"#","social_dribbble_link":"","social_behance_link":"#","social_tiktok_link":""}},"1659601783ba8576b7-2":{"type":"member","settings":{"name":"Palmer Waters","position":"Marketing & PR","social_facebook_link":"#","social_twitter_link":"#","social_instagram_link":"#","social_dribbble_link":"","social_behance_link":"#","social_tiktok_link":""}},"f4dd1e64-81c2-4619-8b55-6398cb98e6bf":{"type":"member","settings":{"name":"Sienna Murphy","position":"Shipping & Distribution","social_facebook_link":"#","social_twitter_link":"#","social_instagram_link":"#","social_dribbble_link":"","social_behance_link":"#","social_tiktok_link":""}}},"block_order":["1659601783ba8576b7-0","1659601783ba8576b7-1","1659601783ba8576b7-2","f4dd1e64-81c2-4619-8b55-6398cb98e6bf"],"disabled":true,"settings":{"design_heading":"1","heading_center":true,"top_heading":"","top_subheading":"","tophead_mb":30,"tophead_mb_tb":30,"tophead_mb_mb":25,"layout_des":"2","col_dk":"1","col_tb":"1","col_mb":"1","space_item":"30","space_item_tb":"15","space_item_mb":"15","loop":true,"au_time":0,"au_hover":true,"nav_btn":false,"btn_pos":"in","btn_distance":15,"btn_vi":"hover","btn_owl":"default","btn_shape":"none","btn_cl":"dark","btn_size":"small","btn_hidden_mobile":true,"nav_dot":true,"dot_owl":"default","dots_cl":"dark","dots_round":true,"dots_space":10,"dots_hidden_mobile":false,"layout":"t4s-container-wrap","cl_bg":"","cl_bg_gradient":"","mg":",,50px,","pd":"","mg_mb":",,50px,","pd_mb":"","use_cus_css":false,"code_cus_css":""}},"165959989899d824b2":{"type":"custom-line","settings":{"line_style":"solid","line_width":100,"line_height":1,"line_cl":"#e6e6e6","line_pos":"t4s-text-start","layout":"t4s-container-fluid","mg":",,40px,","mg_tb":",,40px,","mg_mb":",,40px,"}},"1659597722f6681f45":{"type":"custom-section","blocks":{"1659597722890d58bc-3":{"type":"bl_col","settings":{"col_dk":"12","col_dk_w":"33.33333","col_tb":"12","col_dk_w_tb":"33.33333","col_mb":"12","align_vertical":false,"content_align":"center","content_align_tablet":"center","content_align_mobile":"center","padding_inner":"30px,,30px","padding_inner_tb":"","padding_inner_mb":"","round_inner":"","round_tb_inner":"","round_mb_inner":"","bg_cl":"rgba(0,0,0,0)","time_animation":1,"animation_delay":40}},"1659597722890d58bc-1":{"type":"custom_text","settings":{"text":"Visit our store","remove_br_tag":false,"tag":"p","fontf":"inherit","text_cl":"#000000","text_fs":30,"text_lh":36,"text_fw":400,"text_ls":0,"font_italic":false,"text_shadow":false,"mgb":15,"text_fs_tb":25,"text_lh_tb":28,"text_ls_tb":0,"mgb_tb":10,"hidden_mobile":false,"text_fs_mb":25,"text_lh_mb":28,"text_ls_mb":0,"mgb_mb":10,"animation":"none"}},"1659597722890d58bc-2":{"type":"custom_text","settings":{"text":"","remove_br_tag":false,"tag":"p","fontf":"inherit","text_cl":"#868686","text_fs":16,"text_lh":30,"text_fw":400,"text_ls":0,"font_italic":false,"text_shadow":false,"mgb":0,"text_fs_tb":15,"text_lh_tb":28,"text_ls_tb":0,"mgb_tb":0,"hidden_mobile":false,"text_fs_mb":14,"text_lh_mb":24,"text_ls_mb":0,"mgb_mb":0,"animation":"none"}}},"block_order":["1659597722890d58bc-3","1659597722890d58bc-1","1659597722890d58bc-2"],"disabled":true,"settings":{"space_h_item":"30","space_v_item":"30","space_h_item_tb":"10","space_v_item_tb":"10","space_h_item_mb":"10","space_v_item_mb":"10","layout":"t4s-container-wrap","cl_bg":"","cl_bg_gradient":"","mg":",,,","pd":"","mg_tb":",,30px,","pd_tb":"","mg_mb":",,30px,","pd_mb":""}},"1659600460e3109a88":{"type":"featured-collection","disabled":true,"settings":{"design_heading":"1","heading_center":true,"top_heading":"","top_subheading":"","head_bigger":false,"tophead_mb":30,"tophead_mb_tb":30,"tophead_mb_mb":25,"collection":"men","product_des":"2","rating_pos":"1","list_color_pos":"1","list_size_pos":"1","show_vendor":false,"use_cdt":false,"image_ratio":"rationt","image_size":"cover","image_position":"8","content_align":"default","limit":8,"col_dk":"4","col_tb":"3","col_mb":"2","space_h_item":"30","space_v_item":"30","space_h_item_tb":"15","space_v_item_tb":"15","space_h_item_mb":"15","space_v_item_mb":"15","layout_des":"2","border_pr":false,"loop":true,"au_time":0,"au_hover":true,"nav_btn":false,"btn_pos":"in","btn_distance":15,"btn_vi":"hover","btn_owl":"default","btn_shape":"none","btn_cl":"dark","btn_size":"small","btn_hidden_mobile":false,"nav_dot":false,"dot_owl":"default","dots_cl":"dark","dots_round":true,"dots_space":10,"dots_bottom_pos":20,"dots_hidden_mobile":false,"border_pr_img":false,"use_pagination":"none","enable_bar_lm":true,"text_view_all":"","btn_icon":false,"btn_rounded":false,"button_style":"default","btns_size":"large","btns_cl":"dark","button_effect":"default","btns_pos":"t4s-text-center","head_btn_label":"Shop All","head_btn_url":"","head_btn_icon":true,"head_btn_rounded":false,"head_button_style":"outline","head_btns_size":"medium","head_btns_cl":"dark","head_button_effect":"default","hidden_btn_mb":false,"head_slide_btn":false,"layout":"t4s-container-wrap","cl_bg":"","cl_bg_gradient":"","mg":",,80px,","pd":"","mg_tb":",,50px,","pd_tb":"","mg_mb":",,50px,","pd_mb":""}},"1659601277db757be5":{"type":"map-pin-info","blocks":{"16596012772d17765b-0":{"type":"custom_text","settings":{"text":"<span style=\"display:inline-block;\"><span style=\"display:flex;align-items: center;\"><svg style=\"margin-right:4px;\" xmlns=\"http:\/\/www.w3.org\/2000\/svg\" xmlns:xlink=\"http:\/\/www.w3.org\/1999\/xlink\" xmlns:svgjs=\"http:\/\/svgjs.com\/svgjs\" width=\"30\" height=\"30\" x=\"0\" y=\"0\" viewbox=\"0 0 512 512\" xml:space=\"preserve\"><g>\n<g xmlns=\"http:\/\/www.w3.org\/2000\/svg\">\n\t<g>\n\t\t<path d=\"M256,110.062c-52.412,0-95.053,42.641-95.053,95.053s42.641,95.053,95.053,95.053s95.053-42.641,95.053-95.053    S308.413,110.062,256,110.062z M256,260.146c-30.344,0-55.031-24.687-55.031-55.031s24.687-55.031,55.031-55.031    s55.031,24.687,55.031,55.031S286.344,260.146,256,260.146z\" fill=\"#000000\" data-original=\"#000000\"><\/path>\n\t<\/g>\n<\/g>\n<g xmlns=\"http:\/\/www.w3.org\/2000\/svg\">\n\t<g>\n\t\t<path d=\"M256,0C142.899,0,50.885,92.015,50.885,205.115v5.67c0,57.2,32.794,123.856,97.474,198.113    c46.888,53.832,93.121,91.368,95.065,92.94L256,512l12.576-10.161c1.945-1.572,48.178-39.108,95.065-92.94    c64.679-74.258,97.474-140.913,97.474-198.113v-5.67C461.115,92.015,369.101,0,256,0z M421.093,210.786    c0,96.665-124.551,213.68-165.093,249.202C215.447,424.455,90.907,307.444,90.907,210.786v-5.67    c0-91.032,74.061-165.093,165.093-165.093s165.093,74.061,165.093,165.093V210.786z\" fill=\"#000000\" data-original=\"#000000\"><\/path>\n\t<\/g>\n<\/g>\n<\/g><\/svg> Douglas Street, Ponsonby<\/span><\/span>","remove_br_tag":false,"tag":"p","fontf":"inherit","text_cl":"#000000","text_fs":16,"text_lh":0,"text_fw":400,"text_ls":0,"mgb":15,"font_italic":false,"text_shadow":false,"text_fs_tb":16,"text_lh_tb":0,"text_ls_tb":0,"mgb_tb":15,"hidden_mobile":false,"text_fs_mb":16,"text_lh_mb":0,"text_ls_mb":0,"mgb_mb":15}},"16596012772d17765b-1":{"type":"custom_text","disabled":true,"settings":{"text":"","remove_br_tag":false,"tag":"p","fontf":"inherit","text_cl":"#868686","text_fs":13,"text_lh":24,"text_fw":400,"text_ls":0,"mgb":16,"font_italic":false,"text_shadow":false,"text_fs_tb":13,"text_lh_tb":18,"text_ls_tb":0,"mgb_tb":10,"hidden_mobile":false,"text_fs_mb":13,"text_lh_mb":18,"text_ls_mb":0,"mgb_mb":10}},"16596012772d17765b-2":{"type":"space_html","settings":{"color":"#e7e7e7","width":420,"height":1,"mgb":20,"width_tb":420,"height_tb":1,"mgb_tb":20,"width_mb":420,"height_mb":1,"hidden_mobile":false,"mgb_mb":20}},"16596012772d17765b-3":{"type":"custom_text","disabled":true,"settings":{"text":"Open hours","remove_br_tag":false,"tag":"p","fontf":"inherit","text_cl":"#000000","text_fs":16,"text_lh":0,"text_fw":400,"text_ls":0,"mgb":15,"font_italic":false,"text_shadow":false,"text_fs_tb":16,"text_lh_tb":0,"text_ls_tb":0,"mgb_tb":10,"hidden_mobile":false,"text_fs_mb":16,"text_lh_mb":0,"text_ls_mb":0,"mgb_mb":10}},"16596012772d17765b-4":{"type":"custom_text","disabled":true,"settings":{"text":"Mon - Fri, 8am - 10pm<br>\nSaturday, 10am - 10pm<br>\nSunday, 10am - 6pm","remove_br_tag":false,"tag":"p","fontf":"inherit","text_cl":"#868686","text_fs":13,"text_lh":24,"text_fw":400,"text_ls":0,"mgb":20,"font_italic":false,"text_shadow":false,"text_fs_tb":13,"text_lh_tb":24,"text_ls_tb":0,"mgb_tb":20,"hidden_mobile":false,"text_fs_mb":13,"text_lh_mb":24,"text_ls_mb":0,"mgb_mb":20}},"16596012772d17765b-5":{"type":"custom_button","settings":{"button_text":"GET DIRECTIONS","button_link":"#","target_link":"_self","fontf":"inherit","button_icon_w":14,"button_style":"default","border_w":1,"button_effect":"rectangle-out","pri_cl":"#222222","second_cl":"#ffffff","pri_cl_hover":"#0ec1ae","second_cl_hover":"#ffffff","fsbutton":12,"fwbutton":400,"button_ls":1,"button_mh":40,"button_bdr":0,"button_pd_lr":25,"mgb":0,"button_icon_w_tb":13,"fsbutton_tb":12,"button_mh_tb":36,"button_pd_lr_tb":20,"button_ls_tb":1,"mgb_tb":0,"hidden_mobile":false,"button_icon_w_mb":13,"fsbutton_mb":12,"button_mh_mb":36,"button_pd_lr_mb":20,"button_ls_mb":1,"mgb_mb":0}}},"block_order":["16596012772d17765b-0","16596012772d17765b-1","16596012772d17765b-2","16596012772d17765b-3","16596012772d17765b-4","16596012772d17765b-5"],"disabled":true,"settings":{"source":"map","se_height":"t4s_ratio_cuspx","custom_dk":true,"height_dk":680,"custom_tb":true,"height_tb":600,"custom_mb":true,"height_mb":600,"map":"<iframe src=\"https:\/\/www.google.com\/maps\/embed?pb=!1m18!1m12!1m3!1d3192.459344523624!2d174.7450505!3d-36.855422499999996!2m3!1f0!2f0!3f0!3m2!1i1024!2i768!4f13.1!3m3!1m2!1s0x6d0d4797429be3e5%3A0x49c5c0d2f06fb737!2sDouglas%20Street%2C%20Ponsonby%2C%20Auckland!5e0!3m2!1sen!2snz!4v1682042389117!5m2!1sen!2snz\" width=\"600\" height=\"650\" style=\"border:0;\" allowfullscreen=\"\" loading=\"lazy\" referrerpolicy=\"no-referrer-when-downgrade\"><\/iframe>","text_align":"start","text_align_mb":"start","content_width":"auto","cv_pos":50,"ch_pos":18,"cv_pos_tb":50,"ch_pos_tb":10,"cv_pos_mb":50,"ch_pos_mb":50,"bg_overlay":"#000000","bg_opacity":15,"bg_content_cl":"#ffffff","bg_content_op":100,"content_pd_tb":30,"content_pd_lr":30,"content_pd_tb_tl":30,"content_pd_lr_tl":30,"content_pd_tb_mb":20,"content_pd_lr_mb":20,"border_bl":false,"br_color":"#222222","br_bg":"#ffffff","br_opacity":50,"br_style":"solid","br_pd":20,"br_pd_mb":10,"layout":"t4s-container-fluid","cl_bg":"","cl_bg_gradient":"","mg":",,,","pd":"","mg_tb":",,,","pd_tb":"","mg_mb":",,,","pd_mb":""}}},"order":["heading","main","1659597329fe567a8c","1659597722f6681f4f","165959802606d0c363","28acf279-d20b-4fca-931a-18d57cccdda1","1659597722f6681f43","16596017839f8025b0","165959989899d824b2","1659597722f6681f45","1659600460e3109a88","1659601277db757be5"]}