{"sections":{"heading":{"type":"heading-template","blocks":{"e452712a-fc19-4598-9068-79e134ed6205":{"type":"1","settings":{"heading":"FAQs","fontf":"inherit","text_cl":"#000000","text_fs":40,"text_lh":56,"text_fw":300,"text_ls":0,"font_italic":false,"font_uppercase":false,"text_shadow":false,"mgb":18,"text_fs_tb":40,"text_lh_tb":56,"text_ls_tb":0,"mgb_tb":15,"hidden_mobile":false,"text_fs_mb":30,"text_lh_mb":46,"text_ls_mb":0,"mgb_mb":15}},"47b1d62d-ae22-4d73-bfeb-393df81ea2e8":{"type":"3","settings":{"breadcrumb_color":"#868686","breadcrumb_color_link":"#000000","brc_mgb":5}}},"block_order":["e452712a-fc19-4598-9068-79e134ed6205","47b1d62d-ae22-4d73-bfeb-393df81ea2e8"],"settings":{"parallax":false,"color":"#000000","overlay":0,"padding_top":55,"padding_bottom":45,"mg_b":50,"padding_top_tb":50,"padding_bottom_tb":40,"mg_btb":50,"padding_top_mb":40,"padding_bottom_mb":30,"mg_bmb":30,"box_border":"none","bg_pos":"center center","bg_repeat":"no-repeat","bg_size":"cover"}},"1659687049574d39ec":{"type":"accordion","blocks":{"165968704979c10341-0":{"type":"accor_item","settings":{"icon":"none","title":"Do I need to open an account in order to shop with you?","content":"<p>No, you don’t need to. You can make purchases and check out as a guest everytime.<\/p><p>However, by setting up an account with us, it will allow you to order without having to enter your details every time you shop with us. You can sign up right now, or you can first start shopping and create your account before you check out at the shopping cart page.<\/p>"}},"165968704979c10341-1":{"type":"accor_item","settings":{"icon":"none","title":"How do I create an account?","content":"<p>Please click on “Login\/Register” followed by ‘Create An Account’ and fill in your personal particulars.<\/p>"}},"165968704979c10341-2":{"type":"accor_item","settings":{"icon":"none","title":"How do I order?","content":"<p>Shop for the items you want and add it to your shopping cart. When you have finished, you can proceed to your shopping cart and check out. Check and ensure that all information is correct before confirming your purchases and payment.<\/p>"}},"f82fd793-df1a-4dab-aad5-2463249f7e98":{"type":"accor_item","settings":{"icon":"none","title":"How do I pay for my orders?","content":"<p>We accept payments via Paypal and all major credit and debit cards such as Mastercard, VISA and American Express.<\/p>"}},"70d6022c-5db8-4346-baf9-fc888e4c11a7":{"type":"accor_item","settings":{"icon":"none","title":"Can I amend and cancel my order?","content":"<p>Unfortunately we are unable to cancel an order once it has been placed. This will allow us to pack your orders efficiently and to minimize errors. It is advisable to check your order before placing it.<\/p>"}},"67156ce9-d675-4e4f-824a-0ff6ee0d87aa":{"type":"accor_item","settings":{"icon":"none","title":"I have a discount code, how can I use it?","content":"<p>Key in the voucher code at the field “Voucher Code” and click “Add” in your Shopping Cart page before proceeding to check out. Please note that we are unable to manually apply the voucher code to your order if you have missed keying it during check out. Kindly ensure that all information is correct before confirming your purchase.<\/p>"}},"55af9dd3-447d-49cd-a304-2cacfb042300":{"type":"accor_item","settings":{"icon":"none","title":"How will I know if my order is confirmed?","content":"<p>After you have placed your order, you will receive an acknowledgement e-mail from us to confirm that your orders have been received. However, do note that orders will only be shipped when your credit card payment has been approved and billing and delivery address is verified. Alternatively, you may check the status of your order in “My Account” if you are a registered user.<\/p>"}},"769eaec8-8a2f-4506-b8dd-b745a793dc5b":{"type":"accor_item","settings":{"icon":"none","title":"I have problems adding items to my shopping cart?","content":"<p>You will be able to add the items as long as it is available. There could be an instance where the item is in someone else’s shopping cart hence the status of the items is reflected as “Temporarily Unavailable”.<\/p>"}}},"block_order":["165968704979c10341-0","165968704979c10341-1","165968704979c10341-2","f82fd793-df1a-4dab-aad5-2463249f7e98","70d6022c-5db8-4346-baf9-fc888e4c11a7","67156ce9-d675-4e4f-824a-0ff6ee0d87aa","55af9dd3-447d-49cd-a304-2cacfb042300","769eaec8-8a2f-4506-b8dd-b745a793dc5b"],"settings":{"design_heading":"1","heading_center":true,"top_heading":"","top_subheading":"","tophead_mb":30,"accor_des":"1","title_cl":"#000000","bg_title_cl":"","title_active_cl":"#0ec1ae","bg_title_active_cl":"","content_align":"default","layout":"t4s-cus-width","custom_width":930,"cl_bg":"","cl_bg_gradient":"","mg":",,55px,","pd":"","mg_tb":",,50px,","pd_tb":"","mg_mb":",,35px,","pd_mb":""}}},"order":["heading","1659687049574d39ec"]}