{"sections":{"heading":{"type":"heading-template","blocks":{"b49343f1-a16f-4a0c-834a-46b77fe777da":{"type":"1","settings":{"heading":"","fontf":"3","text_cl":"#000000","text_fs":40,"text_lh":60,"text_fw":300,"text_ls":0,"font_italic":false,"font_uppercase":false,"text_shadow":false,"mgb":0,"text_fs_tb":35,"text_lh_tb":46,"text_ls_tb":0,"mgb_tb":0,"hidden_mobile":false,"text_fs_mb":35,"text_lh_mb":46,"text_ls_mb":0,"mgb_mb":0}},"46ff9c32-9810-4c24-b2bd-9c6e38cc2ea8":{"type":"3","settings":{"breadcrumb_color":"#ffbb00","breadcrumb_color_link":"#000000","brc_mgb":0}}},"block_order":["b49343f1-a16f-4a0c-834a-46b77fe777da","46ff9c32-9810-4c24-b2bd-9c6e38cc2ea8"],"settings":{"parallax":false,"color":"#000000","overlay":0,"padding_top":40,"padding_bottom":30,"mg_b":50,"padding_top_tb":50,"padding_bottom_tb":50,"mg_btb":50,"padding_top_mb":50,"padding_bottom_mb":50,"mg_bmb":50,"box_border":"top_bottom","bg_pos":"center center","bg_repeat":"no-repeat","bg_size":"cover"}},"collections_list_BAQ9i3":{"type":"collections-list","blocks":{"collection_item_9JttBE":{"type":"collection_item","settings":{"collection":"jugs-vases","image":"shopify:\/\/shop_images\/Beldi-Glass-Jug-Bronze-1L.jpg","title":"","collection_badge":"","collection_link":"","show_count":false,"button_label":"Shop Now"}},"collection_item_VB8KhW":{"type":"collection_item","settings":{"collection":"jugs-vases","image":"shopify:\/\/shop_images\/Gluggle-Jugs-Kiki-Bazaar-2024.jpg","title":"","collection_badge":"","collection_link":"","show_count":false,"button_label":"Shop Now"}}},"block_order":["collection_item_9JttBE","collection_item_VB8KhW"],"settings":{"design_heading":"1","heading_center":true,"top_heading":"Vases, Pitchers, Jugs and more","top_subheading":"","tophead_mb":30,"tophead_mb_tb":30,"tophead_mb_mb":25,"heading_inline":false,"heading_width":"small","collection_des":"2","title_fs":22,"title_fw":400,"item_content_rd":0,"item_cl":"","pri_cl":"#ffffff","second_cl":"#000000","pri_hover_cl":"#000000","second_hover_cl":"#ffffff","badge_cl":"#ffffff","badge_cl2":"#ea0000","content_align":"center","content_pos":"1","enable_bs_hover":false,"padding_inner":"","space_bottom":20,"space_bottom_tb":10,"space_bottom_mb":10,"content_width":140,"content_height":60,"content_width_tb":140,"content_height_tb":40,"content_width_mb":140,"content_height_mb":40,"open_link":"_self","item_rd":0,"img_effect":"none","b_effect":"none","image_ratio":"ratio1_1","image_size":"cover","image_position":"8","layout_des":"1","col_dk":"4","col_tb":"2","col_mb":"2","space_h_item":"30","space_v_item":"30","space_h_item_tb":"10","space_v_item_tb":"10","space_h_item_mb":"10","space_v_item_mb":"10","loop":true,"au_time":0,"au_hover":true,"freeScroll":false,"scrollbar":false,"center_slide":false,"nav_btn":false,"btn_pos":"in","btn_distance":15,"btn_vi":"hover","btn_owl":"default","btn_shape":"none","btn_cl":"dark","btn_size":"small","btn_hidden_mobile":false,"nav_dot":false,"dot_owl":"default","dots_cl":"dark","dots_round":true,"dots_space":10,"dots_position":"default","dots_bottom_pos":20,"dots_hidden_mobile":false,"head_btn_label":"Shop All","head_btn_url":"","head_button_style":"outline","head_btn_icon":true,"btn_rounded":false,"head_btns_size":"default","head_btns_cl":"dark","head_button_effect":"default","hidden_btn_mb":false,"head_slide_btn":false,"layout":"t4s-container-wrap","cl_bg":"","cl_bg_gradient":"","mg":",,50px,","pd":"","mg_tb":",,30px,","pd_tb":"","mg_mb":",,30px,","pd_mb":""}},"main":{"type":"main-page","settings":{"layout":"t4s-container-wrap","cl_bg":"","cl_bg_gradient":"","mg":",,60px,","pd":"","mg_tb":",,50px,","pd_tb":"","mg_mb":",,30px,","pd_mb":""}}},"order":["heading","collections_list_BAQ9i3","main"]}