{"sections":{"mega-menu":{"type":"mega-menu","blocks":{"926fb2e5-732d-459f-a8a9-b0d7683bb010":{"type":"mega","settings":{"id":1}},"dfcb9569-dc1b-4e58-9c14-5bcd911c0c5f":{"type":"banner","settings":{"image_ratio":"ratioadapt","image_size":"cover","image_position":"8","height_dk":400,"image":"shopify:\/\/shop_images\/Layer_16.png","img_effect":"none","b_effect":"none","b_link":"","open_link":"_self","html":"<h3 class=\"fs__30 mg__0 lh__1 cw mb__10\">lighting collections<\/h3><h4 class=\"fs__16 mg__0 cw\">Explorer<\/h4>","content_align":"center","cv_pos":50,"ch_pos":50,"cl_txt":"#ffffff","cl_overlay":"#000000","cl_opacity":0,"col":"4"}},"02e1513f-10d1-42fc-91e8-c2880e221186":{"type":"pr","settings":{"collection":"frontpage","product_des":"1","show_vendor":true,"use_cdt":false,"image_ratio":"rationt","image_size":"cover","image_position":"8","content_align":"default","limit":8,"col_dk":"3","space_h_item":"20","space_v_item":"30","layout_des":"2","nav_btn":true,"btn_vi":"hover","btn_owl":"simple","btn_shape":"round","btn_cl":"dark","btn_size":"small","btn_hidden_mobile":true,"col":"8"}},"10c36dd8-9579-4b32-9578-0d5ffb00cf32":{"type":"mega","settings":{"id":2}},"10d6b904-7c22-49ae-b715-702a2a42001d":{"type":"blogs","settings":{"blog":"fashions","show_border":true,"post_des":"1","show_blog_title":"blog_current","show_content":true,"show_tags":true,"show_author":true,"show_comment":true,"show_readmore":true,"show_date":true,"date":"date","content_align":"start","limit":8,"img_effect":"none","b_effect":"none","image_ratio":"ratioadapt","image_size":"cover","image_position":"8","col_dk":"2","space_h_item":"30","space_v_item":"30","layout_des":"2","nav_btn":true,"btn_vi":"hover","btn_pos":"in","btn_owl":"default","btn_shape":"none","btn_cl":"dark","btn_size":"small","btn_hidden_mobile":true,"col":"12"}}},"block_order":["926fb2e5-732d-459f-a8a9-b0d7683bb010","dfcb9569-dc1b-4e58-9c14-5bcd911c0c5f","02e1513f-10d1-42fc-91e8-c2880e221186","10c36dd8-9579-4b32-9578-0d5ffb00cf32","10d6b904-7c22-49ae-b715-702a2a42001d"],"settings":{}},"mb_cat":{"type":"mb_cat","blocks":{"fe5c3396-2305-4bfc-9ac2-9e521ed36079":{"type":"cat","settings":{"cat":"men","title":"","url":"","menu":"","lb":"","lb_cl":"#e91e63","icons_op":"2","icon":"chair"}},"7f7c3653-e15b-439f-a697-1ac1394015a7":{"type":"catimg","settings":{"cat":"bags","title":"dfdf","url":"","lb":"new","lb_cl":"#e91e63","icons_op":"2","icon":"chair","cat1":"men","url1":"","cat2":"","url2":"","cat3":"","url3":"","cat4":"","url4":"","cat5":"","url5":"","cat6":"","url6":"","cat7":"","url7":"","cat8":"","url8":"","cat9":"","url9":"","cat10":"","url10":"","cat11":"","url11":"","cat12":"","url12":"","cat13":"","url13":"","cat14":"","url14":"","cat15":"","url15":"","cat16":"","url16":"","cat17":"","url17":"","cat18":"","url18":"","cat19":"","url19":"","cat20":"","url20":"","cat21":"","url21":"","cat22":"","url22":"","cat23":"","url23":"","cat24":"","url24":"","cat25":"","url25":""}}},"block_order":["fe5c3396-2305-4bfc-9ac2-9e521ed36079","7f7c3653-e15b-439f-a697-1ac1394015a7"],"settings":{}},"slideshow":{"type":"slideshow","blocks":{"f9b8b909-6b31-45c2-b831-5b3090ac1662":{"type":"image_parent","settings":{"image_position":"8","cl_img":"","link_img1":"","open_link":"_blank","animate_slide":"none","text_align":"center","text_align_tb":"center","text_align_mb":"center","content_width":"auto","cv_pos":50,"ch_pos":27,"cv_pos_tb":50,"ch_pos_tb":20,"cv_pos_mb":50,"ch_pos_mb":10,"bg_overlay":"#000000","bg_opacity":0,"bg_content_cl":"#ffffff","bg_content_op":0,"content_pd_tb":15,"content_pd_lr":15,"content_pd_tb_mb":10,"content_pd_lr_mb":10,"border_bl":false,"br_color":"#222222","br_bg":"#ffffff","br_opacity":50,"br_style":"solid","br_pd":20,"br_pd_mb":10,"time_animation":1,"animation_delay":40}},"c3dfd190-33c5-43bd-b80c-e174d627b2bf":{"type":"custom_text","settings":{"text":"UP TO 50% OFF ONLINE","remove_br_tag":false,"tag":"p","fontf":"inherit","text_cl":"#000000","text_fs":16,"text_lh":0,"text_fw":400,"text_ls":3.2,"mgb":10,"font_italic":false,"text_shadow":false,"text_fs_tb":16,"text_lh_tb":0,"text_ls_tb":0,"mgb_tb":10,"hidden_mobile":false,"text_fs_mb":16,"text_lh_mb":0,"text_ls_mb":2,"mgb_mb":10,"animation":"fadeInUp"}},"0b215b33-6be3-402c-bb59-21ad36dfada5":{"type":"custom_text","settings":{"text":"Spring <br>\nCollection","remove_br_tag":true,"tag":"p","fontf":"inherit","text_cl":"#000000","text_fs":70,"text_lh":86,"text_fw":300,"text_ls":0,"mgb":25,"font_italic":false,"text_shadow":false,"text_fs_tb":16,"text_lh_tb":0,"text_ls_tb":0,"mgb_tb":10,"hidden_mobile":false,"text_fs_mb":30,"text_lh_mb":40,"text_ls_mb":0,"mgb_mb":15,"animation":"fadeInUp"}},"8b81cd83-b5d5-4eb8-ab9a-d13e628c29a4":{"type":"custom_button","settings":{"button_text":"Shop Collection","button_link":"shopify:\/\/collections\/women","target_link":"_self","fontf":"inherit","button_style":"default","button_icon_w":0,"border_w":1,"button_effect":"default","pri_cl":"#000000","second_cl":"#ffffff","pri_cl_hover":"#56cfe1","second_cl_hover":"#ffffff","fsbutton":16,"fwbutton":400,"button_ls":0,"button_mh":50,"button_bdr":0,"button_pd_lr":40,"mgb":0,"button_icon_w_tb":0,"fsbutton_tb":12,"button_mh_tb":36,"button_pd_lr_tb":15,"button_ls_tb":0,"mgb_tb":0,"hidden_mobile":false,"button_icon_w_mb":0,"fsbutton_mb":16,"button_mh_mb":40,"button_pd_lr_mb":30,"button_ls_mb":0,"mgb_mb":0,"animation":"fadeInUp"}}},"block_order":["f9b8b909-6b31-45c2-b831-5b3090ac1662","c3dfd190-33c5-43bd-b80c-e174d627b2bf","0b215b33-6be3-402c-bb59-21ad36dfada5","8b81cd83-b5d5-4eb8-ab9a-d13e628c29a4"],"settings":{"se_height":"t4s_ratioadapt","custom_dk":true,"height_dk":600,"custom_tb":true,"height_tb":400,"custom_mb":true,"height_mb":250,"eff":"slide","loop":true,"au_time":0,"au_hover":true,"nav_btn":false,"nav_btn_icon":"default","btn_pos":"default","btn_vi":"always","btn_owl":"default","btn_shape":"none","btn_cl":"dark","btn_size":"small","btn_hidden_mobile":false,"nav_dot":false,"dots_width":"auto","dots_align":"center","dots_design":"default","dot_owl":"default","dots_cl":"dark","dots_pd_lr":15,"dots_space":10,"dots_pos_vy":20,"dots_round":false,"dots_hidden_mobile":false,"layout":"t4s-container-fluid","cl_bg":"","cl_bg_gradient":"","mg":",,30px,","pd":"","mg_tb":",,30px,","pd_tb":"","mg_mb":",,30px,","pd_mb":""}}},"order":["mega-menu","mb_cat","slideshow"]}