{"sections":{"heading":{"type":"heading-template","blocks":{"99fb72e1-c599-4621-b009-efc872d87ad1":{"type":"1","settings":{"heading":"","fontf":"inherit","text_cl":"#000000","text_fs":40,"text_lh":56,"text_fw":300,"text_ls":0,"font_italic":false,"font_uppercase":false,"text_shadow":false,"mgb":10,"text_fs_tb":35,"text_lh_tb":46,"text_ls_tb":0,"mgb_tb":10,"hidden_mobile":false,"text_fs_mb":35,"text_lh_mb":46,"text_ls_mb":0,"mgb_mb":10}},"5e37e1e4-4737-4b1f-92ad-a486dafe1536":{"type":"3","settings":{"breadcrumb_color":"#868686","breadcrumb_color_link":"#000000","brc_mgb":5}}},"block_order":["99fb72e1-c599-4621-b009-efc872d87ad1","5e37e1e4-4737-4b1f-92ad-a486dafe1536"],"settings":{"parallax":false,"color":"#000000","overlay":0,"padding_top":50,"padding_bottom":50,"mg_b":51,"padding_top_tb":50,"padding_bottom_tb":50,"mg_btb":45,"padding_top_mb":50,"padding_bottom_mb":50,"mg_bmb":30,"box_border":"top","bg_pos":"center center","bg_repeat":"no-repeat","bg_size":"cover"}},"main":{"type":"main-page","disabled":true,"settings":{"layout":"t4s-container-wrap","cl_bg":"","cl_bg_gradient":"","mg":"60px,,60px,","pd":"","mg_tb":",,50px,","pd_tb":"","mg_mb":",,30px,","pd_mb":""}},"timeline":{"type":"timeline","blocks":{"0325b178-e687-4b59-8af1-0a792dcf709f":{"type":"timeline","settings":{"source_icon":"use_svg","icon_svg":"timeline-search","icon":"las la-headphones","color_icon":"#222222","content_pos":"left","step_label":"2019","heading":"Reseach","description":"<p>Ut tincidunt tincidunt erat. Vestibulum ullamcorper mauris at ligula. Cras risus ipsum, faucibus ut, ullamcorper<\/p>","url":"","btn_label":"Read more","btn_icon":false,"button_style":"default","btn_size":"medium","btn_cl":"dark","button_effect":"default","image_ratio":"ratioadapt","image_position":"8","image_size":"cover","img_effect":"none","b_effect":"none"}},"351d39d5-b8e9-40b2-a6ac-ac6fc8191f7d":{"type":"timeline","settings":{"source_icon":"use_svg","icon_svg":"timeline-message","icon":"las la-headphones","color_icon":"#222222","content_pos":"right","step_label":"2020","heading":"Communication","description":"<p>Ut tincidunt tincidunt erat. Vestibulum ullamcorper mauris at ligula. Cras risus ipsum, faucibus ut, ullamcorper<\/p>","url":"","btn_label":"Read more","btn_icon":false,"button_style":"default","btn_size":"large","btn_cl":"dark","button_effect":"default","image_ratio":"ratioadapt","image_position":"8","image_size":"cover","img_effect":"none","b_effect":"none"}},"880b606a-e190-425c-8d94-cc2ffdd84a3b":{"type":"timeline","settings":{"source_icon":"use_svg","icon_svg":"timeline-money","icon":"las la-headphones","color_icon":"#222222","content_pos":"left","step_label":"2021","heading":"Budget","description":"<p>Ut tincidunt tincidunt erat. Vestibulum ullamcorper mauris at ligula. Cras risus ipsum, faucibus ut, ullamcorper<\/p>","url":"","btn_label":"Read more","btn_icon":false,"button_style":"default","btn_size":"large","btn_cl":"dark","button_effect":"default","image_ratio":"ratioadapt","image_position":"8","image_size":"cover","img_effect":"none","b_effect":"none"}},"2190df7f-3d8d-4cb7-817c-fa6de178b682":{"type":"timeline","settings":{"source_icon":"use_svg","icon_svg":"timeline-share","icon":"las la-headphones","color_icon":"#222222","content_pos":"right","step_label":"2022","heading":"Social media","description":"<p>Ut tincidunt tincidunt erat. Vestibulum ullamcorper mauris at ligula. Cras risus ipsum, faucibus ut, ullamcorper<\/p>","url":"","btn_label":"Read more","btn_icon":false,"button_style":"default","btn_size":"large","btn_cl":"dark","button_effect":"default","image_ratio":"ratioadapt","image_position":"8","image_size":"cover","img_effect":"none","b_effect":"none"}},"11a25d3d-92db-44f5-9a91-26728be0e25d":{"type":"timeline","settings":{"source_icon":"use_svg","icon_svg":"timeline-note","icon":"las la-headphones","color_icon":"#222222","content_pos":"left","step_label":"2023","heading":"Results","description":"<p>Ut tincidunt tincidunt erat. Vestibulum ullamcorper mauris at ligula. Cras risus ipsum, faucibus ut, ullamcorper<\/p>","url":"","btn_label":"Read more","btn_icon":false,"button_style":"default","btn_size":"large","btn_cl":"dark","button_effect":"default","image_ratio":"ratioadapt","image_position":"8","image_size":"cover","img_effect":"none","b_effect":"none"}}},"block_order":["0325b178-e687-4b59-8af1-0a792dcf709f","351d39d5-b8e9-40b2-a6ac-ac6fc8191f7d","880b606a-e190-425c-8d94-cc2ffdd84a3b","2190df7f-3d8d-4cb7-817c-fa6de178b682","11a25d3d-92db-44f5-9a91-26728be0e25d"],"settings":{"design_heading":"1","heading_center":true,"top_heading":"","top_subheading":"","tophead_mb":30,"tophead_mb_mb":25,"line_style":"dashed","layout":"t4s-cus-width","custom_width":770,"cl_bg":"","cl_bg_gradient":"","mg":",,50px,","pd":"","mg_tb":",,50px,","pd_tb":"","mg_mb":",,30px,","pd_mb":""}}},"order":["heading","main","timeline"]}