{"sections":{"heading":{"type":"heading-template","blocks":{"29b14c55-1cee-4d7c-a147-3f1e1b843a69":{"type":"1","settings":{"heading":"Career at unsen","fontf":"inherit","text_cl":"#000000","text_fs":40,"text_lh":56,"text_fw":300,"text_ls":0,"font_italic":false,"font_uppercase":false,"text_shadow":false,"mgb":20,"text_fs_tb":35,"text_lh_tb":46,"text_ls_tb":0,"mgb_tb":0,"hidden_mobile":false,"text_fs_mb":35,"text_lh_mb":46,"text_ls_mb":0,"mgb_mb":15}},"5518b0fc-fa90-48f4-bdc8-29ff3ab0d5b1":{"type":"3","settings":{"breadcrumb_color":"#868686","breadcrumb_color_link":"#000000","brc_mgb":5}}},"block_order":["29b14c55-1cee-4d7c-a147-3f1e1b843a69","5518b0fc-fa90-48f4-bdc8-29ff3ab0d5b1"],"settings":{"parallax":false,"color":"#000000","overlay":0,"padding_top":50,"padding_bottom":50,"mg_b":24,"padding_top_tb":50,"padding_bottom_tb":50,"mg_btb":24,"padding_top_mb":50,"padding_bottom_mb":50,"mg_bmb":24,"box_border":"top","bg_pos":"center center","bg_repeat":"no-repeat","bg_size":"cover"}},"main":{"type":"main-page","disabled":true,"settings":{"layout":"t4s-container-wrap","cl_bg":"","cl_bg_gradient":"","mg":"60px,,60px,","pd":"","mg_tb":",,50px,","pd_tb":"","mg_mb":",,30px,","pd_mb":""}},"166147539639fa3cf3":{"type":"career","disabled":true,"blocks":{"16614753969083c821-0":{"type":"career_block","settings":{"page":"influencer-specialist-career","job_type":"FULL TIME","job_des":"Job description","short_des":"<p>We take pride in our history of making fashion accessible to the everyone, and strive to build a more welcoming, inclusive and sustainable industry. Only through our great people and teams will we be able to change the future of fashion...<\/p>","button_label":"Read more +","btn_icon":false,"button_style":"bordered","btn_size":"1","btn_cl":"dark","button_effect":"fade"}},"16614753969083c821-1":{"type":"career_block","settings":{"page":"content-marketing","job_type":"FULL TIME","job_des":"Job description","short_des":"<p>We take pride in our history of making fashion accessible to the everyone, and strive to build a more welcoming, inclusive and sustainable industry. Only through our great people and teams will we be able to change the future of fashion...<\/p>","button_label":"Read more +","btn_icon":false,"button_style":"bordered","btn_size":"1","btn_cl":"dark","button_effect":"fade"}},"16614753969083c821-2":{"type":"career_block","settings":{"page":"pr-communication-manager","job_type":"FULL TIME","job_des":"Job description","short_des":"<p>We take pride in our history of making fashion accessible to the everyone, and strive to build a more welcoming, inclusive and sustainable industry. Only through our great people and teams will we be able to change the future of fashion...<\/p>","button_label":"Read more +","btn_icon":false,"button_style":"bordered","btn_size":"1","btn_cl":"dark","button_effect":"fade"}}},"block_order":["16614753969083c821-0","16614753969083c821-1","16614753969083c821-2"],"settings":{"design_heading":"1","heading_center":true,"top_heading":"","top_subheading":"","tophead_mb":30,"tophead_mb_tb":30,"tophead_mb_mb":25,"truncatewords":41,"open_link":"_blank","layout_des":"1","col_dk":"3","col_tb":"3","col_mb":"1","space_h_item":"30","space_v_item":"30","space_h_item_tb":"15","space_v_item_tb":"15","space_h_item_mb":"15","space_v_item_mb":"15","loop":true,"au_time":0,"au_hover":true,"nav_btn":false,"btn_pos":"in","btn_distance":15,"btn_vi":"hover","btn_owl":"default","btn_shape":"none","btn_cl":"dark","btn_size":"small","btn_hidden_mobile":true,"nav_dot":false,"dot_owl":"default","dots_cl":"dark","dots_round":true,"dots_space":10,"dots_hidden_mobile":false,"layout":"t4s-container-wrap","cl_bg":"","cl_bg_gradient":"","mg":",,50px,","pd":"","mg_tb":",,50px,","pd_tb":"","mg_mb":",,30px,","pd_mb":""}}},"order":["heading","main","166147539639fa3cf3"]}