{"sections":{"heading":{"type":"heading-template","blocks":{"b49343f1-a16f-4a0c-834a-46b77fe777da":{"type":"1","settings":{"heading":"Get 10% Off Your First Order","fontf":"inherit","text_cl":"#000000","text_fs":38,"text_lh":56,"text_fw":300,"text_ls":0,"font_italic":false,"font_uppercase":false,"text_shadow":false,"mgb":15,"text_fs_tb":35,"text_lh_tb":46,"text_ls_tb":0,"mgb_tb":25,"hidden_mobile":false,"text_fs_mb":22,"text_lh_mb":46,"text_ls_mb":0,"mgb_mb":10}},"f882e0ec-cddd-4e74-b568-6a5e50887d4e":{"type":"2","settings":{"content":"<p>Sign Up to our newsletter below & receive 10% Off your first order <\/p><p>(discount applies to full price items only)<\/p>","fontf":"inherit","text_cl":"#000000","text_fs":18,"text_lh":23,"text_fw":400,"text_ls":0,"font_italic":false,"font_uppercase":false,"text_shadow":false,"mgb":12,"text_fs_tb":20,"text_lh_tb":30,"text_ls_tb":0,"mgb_tb":0,"hidden_mobile":false,"text_fs_mb":16,"text_lh_mb":22,"text_ls_mb":0,"mgb_mb":50}},"46ff9c32-9810-4c24-b2bd-9c6e38cc2ea8":{"type":"3","disabled":true,"settings":{"breadcrumb_color":"#868686","breadcrumb_color_link":"#000000","brc_mgb":0}}},"block_order":["b49343f1-a16f-4a0c-834a-46b77fe777da","f882e0ec-cddd-4e74-b568-6a5e50887d4e","46ff9c32-9810-4c24-b2bd-9c6e38cc2ea8"],"settings":{"parallax":false,"color":"#ffbb00","overlay":0,"padding_top":50,"padding_bottom":20,"mg_b":0,"padding_top_tb":50,"padding_bottom_tb":10,"mg_btb":50,"padding_top_mb":17.5,"padding_bottom_mb":10,"mg_bmb":10,"box_border":"top_bottom","bg_pos":"center center","bg_repeat":"no-repeat","bg_size":"cover"}},"4f7158e6-36bc-46de-aaa5-aa044c6862b4":{"type":"newsletter","blocks":{"template--18948831248705__4f7158e6-36bc-46de-aaa5-aa044c6862b4-16831032777c198659-0":{"type":"custom_text","disabled":true,"settings":{"text":"","remove_br_tag":false,"tag":"p","fontf":"inherit","text_cl":"#000000","text_fs":24,"text_lh":0,"text_fw":600,"text_ls":0,"font_italic":false,"text_shadow":false,"mgb":0,"text_fs_tb":16,"text_lh_tb":0,"text_ls_tb":0,"mgb_tb":10,"hidden_mobile":false,"text_fs_mb":16,"text_lh_mb":0,"text_ls_mb":0,"mgb_mb":10}},"template--18948831248705__4f7158e6-36bc-46de-aaa5-aa044c6862b4-16831032777c198659-1":{"type":"custom_text","disabled":true,"settings":{"text":"A short sentence describing what someone will receive by subscribing","remove_br_tag":false,"tag":"p","fontf":"inherit","text_cl":"#868686","text_fs":14,"text_lh":24,"text_fw":400,"text_ls":0,"font_italic":false,"text_shadow":false,"mgb":30,"text_fs_tb":16,"text_lh_tb":0,"text_ls_tb":0,"mgb_tb":10,"hidden_mobile":false,"text_fs_mb":16,"text_lh_mb":0,"text_ls_mb":0,"mgb_mb":10}},"template--18948831248705__4f7158e6-36bc-46de-aaa5-aa044c6862b4-16831032777c198659-2":{"type":"newsletter","settings":{"custom_width":true,"form_width":500,"form_width_tb":500,"form_width_mb":350,"newl_size":"large","source_btn":"text","news_icon":"plane","input_cl":"#868686","btn_cl":"#000000","btn_hover_cl":"#000000","border_cl":"#000000","mgb_tb":0}}},"block_order":["template--18948831248705__4f7158e6-36bc-46de-aaa5-aa044c6862b4-16831032777c198659-0","template--18948831248705__4f7158e6-36bc-46de-aaa5-aa044c6862b4-16831032777c198659-1","template--18948831248705__4f7158e6-36bc-46de-aaa5-aa044c6862b4-16831032777c198659-2"],"settings":{"design_heading":"1","heading_center":true,"top_heading":"","top_subheading":"","tophead_mb":30,"tophead_mb_tb":30,"tophead_mb_mb":25,"content_layout":"one-column","content_align":"center","newl_des":"1","news_border":false,"layout":"t4s-container-wrap","cl_bg":"#ffffff","cl_bg_gradient":"","mg":",,50px,","pd":"50px,,50px,","mg_tb":"","pd_tb":"","mg_mb":",,30px,","pd_mb":"-10"}},"main":{"type":"main-page","disabled":true,"settings":{"layout":"t4s-container-wrap","cl_bg":"","cl_bg_gradient":"","mg":"60px,,60px,","pd":"","mg_tb":",,50px,","pd_tb":"","mg_mb":",,30px,","pd_mb":""}}},"order":["heading","4f7158e6-36bc-46de-aaa5-aa044c6862b4","main"]}