{"sections":{"heading":{"type":"heading-template","blocks":{"eec67952-7447-4ce6-8270-135d75090128":{"type":"1","settings":{"heading":"Store Locations","fontf":"inherit","text_cl":"#000000","text_fs":40,"text_lh":50,"text_fw":300,"text_ls":0,"font_italic":false,"font_uppercase":false,"text_shadow":false,"mgb":21,"text_fs_tb":35,"text_lh_tb":46,"text_ls_tb":0,"mgb_tb":0,"hidden_mobile":false,"text_fs_mb":35,"text_lh_mb":46,"text_ls_mb":0,"mgb_mb":0}},"9d5578ce-1e34-46a3-8d24-005790c6d0f9":{"type":"3","settings":{"breadcrumb_color":"#868686","breadcrumb_color_link":"#000000","brc_mgb":5}}},"block_order":["eec67952-7447-4ce6-8270-135d75090128","9d5578ce-1e34-46a3-8d24-005790c6d0f9"],"settings":{"parallax":false,"color":"#000000","overlay":0,"padding_top":50,"padding_bottom":50,"mg_b":46,"padding_top_tb":50,"padding_bottom_tb":50,"mg_btb":30,"padding_top_mb":50,"padding_bottom_mb":50,"mg_bmb":0,"box_border":"top","bg_pos":"center center","bg_repeat":"no-repeat","bg_size":"cover"}},"1661330292eae2eb6a":{"type":"custom-section","blocks":{"1661330291a91bd7b4-0":{"type":"bl_col","settings":{"col_dk":"7","col_tb":"7","col_mb":"12","align_vertical":true,"content_align":"start","content_align_tablet":"start","content_align_mobile":"start","padding_inner":"","padding_inner_tb":"","padding_inner_mb":"","bg_cl":"rgba(0,0,0,0)"}},"d1453412-a7d9-47fd-9263-597c382d1f31":{"type":"image","settings":{"image_child":"shopify:\/\/shop_images\/a.jpg","img_link":"","open_link":"_self","img_width":690,"img_width_tb":0,"img_width_mb":0,"img_align":"start","img_align_tb":"start","img_align_mobile":"start","b_effect":"light-overlay","hidden_mobile":false,"mgb":0,"mgb_tb":0,"mgb_mb":0}},"1661330291a91bd7b4-3":{"type":"bl_col","settings":{"col_dk":"5","col_tb":"5","col_mb":"12","align_vertical":true,"content_align":"start","content_align_tablet":"start","content_align_mobile":"start","padding_inner":"","padding_inner_tb":"","padding_inner_mb":"","bg_cl":"rgba(0,0,0,0)"}},"d1e0515a-65c9-4a96-b8a2-c7d5a293ecd0":{"type":"custom_text","settings":{"text":"Melbourne Store","remove_br_tag":false,"tag":"h4","fontf":"inherit","text_cl":"#000000","text_fs":22,"text_lh":24,"text_fw":400,"text_ls":0,"font_italic":false,"text_shadow":false,"mgb":15,"text_fs_tb":22,"text_lh_tb":24,"text_ls_tb":0,"mgb_tb":10,"hidden_mobile":false,"text_fs_mb":22,"text_lh_mb":24,"text_ls_mb":0,"mgb_mb":10}},"54cf6bfa-e038-43cf-bd3a-88e9b0d11570":{"type":"custom_text","settings":{"text":"Praesent ac sem eget est egestas volutpat. In dui magna, posuere eget,\nvestibulum et, tempor auctor, justo. Phasellus volutpat, metus eget egestas mollis, lacus lacus blandit dui, id egestas quam","remove_br_tag":false,"tag":"p","fontf":"inherit","text_cl":"#868686","text_fs":13,"text_lh":24,"text_fw":400,"text_ls":0,"font_italic":false,"text_shadow":false,"mgb":28,"text_fs_tb":13,"text_lh_tb":24,"text_ls_tb":0,"mgb_tb":17,"hidden_mobile":false,"text_fs_mb":13,"text_lh_mb":24,"text_ls_mb":0,"mgb_mb":15}},"4bb7a963-dae0-4b4c-8b02-dcb7c15fb08b":{"type":"html","settings":{"html_content":"<div style=\"display:flex;margin-bottom:14px;line-height:16px;align-items: center;color:var(--secondary-color);\">\n\t<div style=\"display:flex;align-items: center;justify-content: center;border-radius:100%;min-width: 26px;width:26px;height:26px;background-color:#f6f6f6;\">\n\t<svg style=\"width: 14px;height: 14px;vertical-align: middle;fill: currentColor;\" version=\"1.1\" id=\"Capa_1\" xmlns=\"http:\/\/www.w3.org\/2000\/svg\" xmlns:xlink=\"http:\/\/www.w3.org\/1999\/xlink\" x=\"0px\" y=\"0px\" viewbox=\"0 0 512 512\" xml:space=\"preserve\"><path d=\"M256,0C156.748,0,76,80.748,76,180c0,33.534,9.289,66.26,26.869,94.652l142.885,230.257 c2.737,4.411,7.559,7.091,12.745,7.091c0.04,0,0.079,0,0.119,0c5.231-0.041,10.063-2.804,12.75-7.292L410.611,272.22 C427.221,244.428,436,212.539,436,180C436,80.748,355.252,0,256,0z M384.866,256.818L258.272,468.186l-129.905-209.34 C113.734,235.214,105.8,207.95,105.8,180c0-82.71,67.49-150.2,150.2-150.2S406.1,97.29,406.1,180 C406.1,207.121,398.689,233.688,384.866,256.818z\"><\/path><path d=\"M256,90c-49.626,0-90,40.374-90,90c0,49.309,39.717,90,90,90c50.903,0,90-41.233,90-90C346,130.374,305.626,90,256,90z M256,240.2c-33.257,0-60.2-27.033-60.2-60.2c0-33.084,27.116-60.2,60.2-60.2s60.1,27.116,60.1,60.2 C316.1,212.683,289.784,240.2,256,240.2z\"><\/path><\/svg>\n\t<\/div>\n\t<div style=\"padding-left: 10px;line-height: 20px;\">\n\t\t30 Buttonwood St.Pataskala OH 43062\n\t<\/div>\n<\/div>\n<div style=\"display:flex;margin-bottom:14px;line-height:16px;align-items: center;color:var(--secondary-color);\">\n\t<div style=\"display:flex;align-items: center;justify-content: center;border-radius:100%;min-width: 26px;width:26px;height:26px;background-color:#f6f6f6;\">\n\t<svg style=\"width: 14px;height: 14px;vertical-align: middle;fill: currentColor;\" version=\"1.1\" id=\"Capa_1\" xmlns=\"http:\/\/www.w3.org\/2000\/svg\" xmlns:xlink=\"http:\/\/www.w3.org\/1999\/xlink\" x=\"0px\" y=\"0px\" viewbox=\"0 0 511.999 511.999\" xml:space=\"preserve\"><path d=\"M498.827,377.633l-63.649-63.649c-17.548-17.547-46.102-17.547-63.649,0l-28.931,28.931\n\t\t\tc-13.294,13.294-34.926,13.29-48.215,0.005l-125.4-125.507c-13.325-13.325-13.327-34.892,0-48.219\n\t\t\tc4.66-4.66,18.041-18.041,28.931-28.931c17.471-17.47,17.715-45.935-0.017-63.665l-63.632-63.432\n\t\t\tC116.717-4.381,88.164-4.381,70.663,13.12C57.567,26.102,53.343,30.29,47.471,36.111c-63.28,63.279-63.28,166.242-0.003,229.519\n\t\t\tl198.692,198.796c63.428,63.429,166.088,63.434,229.521,0l23.146-23.145C516.375,423.733,516.375,395.181,498.827,377.633z\n\t\t\t M91.833,34.382c5.849-5.849,15.365-5.85,21.233,0.016l63.632,63.432c5.863,5.863,5.863,15.352,0,21.216l-10.609,10.608\n\t\t\tl-84.81-84.81L91.833,34.382z M267.38,443.213L68.687,244.415c-48.958-48.958-51.649-125.833-8.276-178.006l84.564,84.564\n\t\t\tc-22.22,25.189-21.294,63.572,2.787,87.653l125.396,125.501c0.001,0.001,0.003,0.003,0.004,0.004\n\t\t\tc24.055,24.056,62.436,25.042,87.656,2.792l84.566,84.566C393.377,494.787,316.675,492.508,267.38,443.213z M477.612,420.065\n\t\t\tl-10.609,10.609l-84.865-84.866l10.607-10.608c5.85-5.849,15.367-5.85,21.217,0l63.649,63.649\n\t\t\tC483.461,404.699,483.461,414.217,477.612,420.065z\"><\/path><\/svg>\n\t<\/div>\n\t<div style=\"padding-left: 10px;line-height: 20px;\">\n\t\t(+1)-613-333-0101\n\t<\/div>\n<\/div>\n<div style=\"display:flex;margin-bottom:27px;line-height:16px;align-items: center;color:var(--secondary-color);\">\n\t<div style=\"display:flex;align-items: center;justify-content: center;border-radius:100%;min-width: 26px;width:26px;height:26px;background-color:#f6f6f6;\">\n\t\t<svg style=\"width: 14px;height: 14px;vertical-align: middle;fill: currentColor;\" id=\"Capa_1\" enable-background=\"new 0 0 479.058 479.058\" height=\"512\" viewbox=\"0 0 479.058 479.058\" width=\"512\" xmlns=\"http:\/\/www.w3.org\/2000\/svg\"><path d=\"m434.146 59.882h-389.234c-24.766 0-44.912 20.146-44.912 44.912v269.47c0 24.766 20.146 44.912 44.912 44.912h389.234c24.766 0 44.912-20.146 44.912-44.912v-269.47c0-24.766-20.146-44.912-44.912-44.912zm0 29.941c2.034 0 3.969.422 5.738 1.159l-200.355 173.649-200.356-173.649c1.769-.736 3.704-1.159 5.738-1.159zm0 299.411h-389.234c-8.26 0-14.971-6.71-14.971-14.971v-251.648l199.778 173.141c2.822 2.441 6.316 3.655 9.81 3.655s6.988-1.213 9.81-3.655l199.778-173.141v251.649c-.001 8.26-6.711 14.97-14.971 14.97z\"><\/path><\/svg>\n\t<\/div>\n\t<div style=\"padding-left: 10px;line-height: 20px;\">\n\t\t contact@company.com\n\t<\/div>\n<\/div>","hidden_mobile":false}},"bf9f4b78-02f5-49c8-90e9-0c684bdcac0a":{"type":"custom_button","settings":{"button_text":"GET DIRECTION","button_link":"shopify:\/\/pages\/contact","target_link":"_self","fontf":"inherit","button_icon_w":0,"button_style":"outline","border_w":1,"button_effect":"sweep-to-right","pri_cl":"#222222","second_cl":"","pri_cl_hover":"#0ec1ae","second_cl_hover":"#ffffff","fsbutton":13,"fwbutton":500,"button_ls":0,"button_mh":44,"button_bdr":0,"button_pd_lr":55,"mgb":40,"button_icon_w_tb":0,"fsbutton_tb":13,"button_mh_tb":40,"button_pd_lr_tb":35,"button_ls_tb":0,"mgb_tb":40,"hidden_mobile":false,"button_icon_w_mb":0,"fsbutton_mb":13,"button_mh_mb":36,"button_pd_lr_mb":25,"button_ls_mb":0,"mgb_mb":40}},"365fb2fd-b82c-4f69-8f24-f113c170dadf":{"type":"custom_text","settings":{"text":"<span style=\"display: inline-block;border-bottom: solid 1px;\">Opening Hours<\/span>","remove_br_tag":false,"tag":"p","fontf":"inherit","text_cl":"#000000","text_fs":13,"text_lh":18,"text_fw":500,"text_ls":0,"font_italic":false,"text_shadow":false,"mgb":18,"text_fs_tb":13,"text_lh_tb":18,"text_ls_tb":0,"mgb_tb":15,"hidden_mobile":false,"text_fs_mb":13,"text_lh_mb":18,"text_ls_mb":0,"mgb_mb":15}},"d43c4579-791b-49a2-8ca9-808c75ed5010":{"type":"custom_text","settings":{"text":"Mon - Fri :    10:00am - 4:00pm\n<br>Sat - Sun :   10:00am - 5:00pm","remove_br_tag":false,"tag":"p","fontf":"inherit","text_cl":"#868686","text_fs":13,"text_lh":24,"text_fw":400,"text_ls":0,"font_italic":false,"text_shadow":false,"mgb":0,"text_fs_tb":13,"text_lh_tb":24,"text_ls_tb":0,"mgb_tb":0,"hidden_mobile":false,"text_fs_mb":13,"text_lh_mb":24,"text_ls_mb":0,"mgb_mb":0}}},"block_order":["1661330291a91bd7b4-0","d1453412-a7d9-47fd-9263-597c382d1f31","1661330291a91bd7b4-3","d1e0515a-65c9-4a96-b8a2-c7d5a293ecd0","54cf6bfa-e038-43cf-bd3a-88e9b0d11570","4bb7a963-dae0-4b4c-8b02-dcb7c15fb08b","bf9f4b78-02f5-49c8-90e9-0c684bdcac0a","365fb2fd-b82c-4f69-8f24-f113c170dadf","d43c4579-791b-49a2-8ca9-808c75ed5010"],"settings":{"space_h_item":"30","space_v_item":"30","space_h_item_mb":"10","space_v_item_mb":"10","layout":"t4s-container-wrap","cl_bg":"","cl_bg_gradient":"","mg":",,86px,","pd":"","mg_tb":",,50px,","pd_tb":"","mg_mb":",,30px,","pd_mb":""}},"166133281281b0d367":{"type":"custom-line","settings":{"line_style":"solid","line_width":100,"line_height":1,"line_cl":"#ececec","line_pos":"t4s-text-start","layout":"t4s-container-wrap","mg":",,86px,","mg_tb":",,50px,","mg_mb":",,30px,"}},"1661330292eae2eb6b":{"type":"custom-section","blocks":{"1661330291a91bd7b4-3":{"type":"bl_col","settings":{"col_dk":"5","col_tb":"5","col_mb":"12","align_vertical":true,"content_align":"start","content_align_tablet":"start","content_align_mobile":"start","padding_inner":"","padding_inner_tb":"","padding_inner_mb":"","bg_cl":"rgba(0,0,0,0)"}},"d1e0515a-65c9-4a96-b8a2-c7d5a293ecd0":{"type":"custom_text","settings":{"text":"Sydney Store","remove_br_tag":false,"tag":"h4","fontf":"inherit","text_cl":"#000000","text_fs":22,"text_lh":24,"text_fw":400,"text_ls":0,"font_italic":false,"text_shadow":false,"mgb":15,"text_fs_tb":22,"text_lh_tb":24,"text_ls_tb":0,"mgb_tb":10,"hidden_mobile":false,"text_fs_mb":22,"text_lh_mb":24,"text_ls_mb":0,"mgb_mb":10}},"54cf6bfa-e038-43cf-bd3a-88e9b0d11570":{"type":"custom_text","settings":{"text":"Praesent ac sem eget est egestas volutpat. In dui magna, posuere eget,\nvestibulum et, tempor auctor, justo. Phasellus volutpat, metus eget egestas mollis, lacus lacus blandit dui, id egestas quam","remove_br_tag":false,"tag":"p","fontf":"inherit","text_cl":"#868686","text_fs":13,"text_lh":24,"text_fw":400,"text_ls":0,"font_italic":false,"text_shadow":false,"mgb":28,"text_fs_tb":13,"text_lh_tb":24,"text_ls_tb":0,"mgb_tb":17,"hidden_mobile":false,"text_fs_mb":13,"text_lh_mb":24,"text_ls_mb":0,"mgb_mb":15}},"4bb7a963-dae0-4b4c-8b02-dcb7c15fb08b":{"type":"html","settings":{"html_content":"<div style=\"display:flex;margin-bottom:14px;line-height:16px;align-items: center;color:var(--secondary-color);\">\n\t<div style=\"display:flex;align-items: center;justify-content: center;border-radius:100%;min-width: 26px;width:26px;height:26px;background-color:#f6f6f6;\">\n\t<svg style=\"width: 14px;height: 14px;vertical-align: middle;fill: currentColor;\" version=\"1.1\" id=\"Capa_1\" xmlns=\"http:\/\/www.w3.org\/2000\/svg\" xmlns:xlink=\"http:\/\/www.w3.org\/1999\/xlink\" x=\"0px\" y=\"0px\" viewbox=\"0 0 512 512\" xml:space=\"preserve\"><path d=\"M256,0C156.748,0,76,80.748,76,180c0,33.534,9.289,66.26,26.869,94.652l142.885,230.257 c2.737,4.411,7.559,7.091,12.745,7.091c0.04,0,0.079,0,0.119,0c5.231-0.041,10.063-2.804,12.75-7.292L410.611,272.22 C427.221,244.428,436,212.539,436,180C436,80.748,355.252,0,256,0z M384.866,256.818L258.272,468.186l-129.905-209.34 C113.734,235.214,105.8,207.95,105.8,180c0-82.71,67.49-150.2,150.2-150.2S406.1,97.29,406.1,180 C406.1,207.121,398.689,233.688,384.866,256.818z\"><\/path><path d=\"M256,90c-49.626,0-90,40.374-90,90c0,49.309,39.717,90,90,90c50.903,0,90-41.233,90-90C346,130.374,305.626,90,256,90z M256,240.2c-33.257,0-60.2-27.033-60.2-60.2c0-33.084,27.116-60.2,60.2-60.2s60.1,27.116,60.1,60.2 C316.1,212.683,289.784,240.2,256,240.2z\"><\/path><\/svg>\n\t<\/div>\n\t<div style=\"padding-left: 10px;line-height: 20px;\">\n\t\t30 Buttonwood St.Pataskala OH 43062\n\t<\/div>\n<\/div>\n<div style=\"display:flex;margin-bottom:14px;line-height:16px;align-items: center;color:var(--secondary-color);\">\n\t<div style=\"display:flex;align-items: center;justify-content: center;border-radius:100%;min-width: 26px;width:26px;height:26px;background-color:#f6f6f6;\">\n\t<svg style=\"width: 14px;height: 14px;vertical-align: middle;fill: currentColor;\" version=\"1.1\" id=\"Capa_1\" xmlns=\"http:\/\/www.w3.org\/2000\/svg\" xmlns:xlink=\"http:\/\/www.w3.org\/1999\/xlink\" x=\"0px\" y=\"0px\" viewbox=\"0 0 511.999 511.999\" xml:space=\"preserve\"><path d=\"M498.827,377.633l-63.649-63.649c-17.548-17.547-46.102-17.547-63.649,0l-28.931,28.931\n\t\t\tc-13.294,13.294-34.926,13.29-48.215,0.005l-125.4-125.507c-13.325-13.325-13.327-34.892,0-48.219\n\t\t\tc4.66-4.66,18.041-18.041,28.931-28.931c17.471-17.47,17.715-45.935-0.017-63.665l-63.632-63.432\n\t\t\tC116.717-4.381,88.164-4.381,70.663,13.12C57.567,26.102,53.343,30.29,47.471,36.111c-63.28,63.279-63.28,166.242-0.003,229.519\n\t\t\tl198.692,198.796c63.428,63.429,166.088,63.434,229.521,0l23.146-23.145C516.375,423.733,516.375,395.181,498.827,377.633z\n\t\t\t M91.833,34.382c5.849-5.849,15.365-5.85,21.233,0.016l63.632,63.432c5.863,5.863,5.863,15.352,0,21.216l-10.609,10.608\n\t\t\tl-84.81-84.81L91.833,34.382z M267.38,443.213L68.687,244.415c-48.958-48.958-51.649-125.833-8.276-178.006l84.564,84.564\n\t\t\tc-22.22,25.189-21.294,63.572,2.787,87.653l125.396,125.501c0.001,0.001,0.003,0.003,0.004,0.004\n\t\t\tc24.055,24.056,62.436,25.042,87.656,2.792l84.566,84.566C393.377,494.787,316.675,492.508,267.38,443.213z M477.612,420.065\n\t\t\tl-10.609,10.609l-84.865-84.866l10.607-10.608c5.85-5.849,15.367-5.85,21.217,0l63.649,63.649\n\t\t\tC483.461,404.699,483.461,414.217,477.612,420.065z\"><\/path><\/svg>\n\t<\/div>\n\t<div style=\"padding-left: 10px;line-height: 20px;\">\n\t\t(+1)-613-333-0101\n\t<\/div>\n<\/div>\n<div style=\"display:flex;margin-bottom:27px;line-height:16px;align-items: center;color:var(--secondary-color);\">\n\t<div style=\"display:flex;align-items: center;justify-content: center;border-radius:100%;min-width: 26px;width:26px;height:26px;background-color:#f6f6f6;\">\n\t\t<svg style=\"width: 14px;height: 14px;vertical-align: middle;fill: currentColor;\" id=\"Capa_1\" enable-background=\"new 0 0 479.058 479.058\" height=\"512\" viewbox=\"0 0 479.058 479.058\" width=\"512\" xmlns=\"http:\/\/www.w3.org\/2000\/svg\"><path d=\"m434.146 59.882h-389.234c-24.766 0-44.912 20.146-44.912 44.912v269.47c0 24.766 20.146 44.912 44.912 44.912h389.234c24.766 0 44.912-20.146 44.912-44.912v-269.47c0-24.766-20.146-44.912-44.912-44.912zm0 29.941c2.034 0 3.969.422 5.738 1.159l-200.355 173.649-200.356-173.649c1.769-.736 3.704-1.159 5.738-1.159zm0 299.411h-389.234c-8.26 0-14.971-6.71-14.971-14.971v-251.648l199.778 173.141c2.822 2.441 6.316 3.655 9.81 3.655s6.988-1.213 9.81-3.655l199.778-173.141v251.649c-.001 8.26-6.711 14.97-14.971 14.97z\"><\/path><\/svg>\n\t<\/div>\n\t<div style=\"padding-left: 10px;line-height: 20px;\">\n\t\t contact@company.com\n\t<\/div>\n<\/div>","hidden_mobile":false}},"bf9f4b78-02f5-49c8-90e9-0c684bdcac0a":{"type":"custom_button","settings":{"button_text":"GET DIRECTION","button_link":"shopify:\/\/pages\/contact","target_link":"_self","fontf":"inherit","button_icon_w":0,"button_style":"outline","border_w":1,"button_effect":"sweep-to-right","pri_cl":"#222222","second_cl":"","pri_cl_hover":"#0ec1ae","second_cl_hover":"#ffffff","fsbutton":13,"fwbutton":500,"button_ls":0,"button_mh":44,"button_bdr":0,"button_pd_lr":55,"mgb":40,"button_icon_w_tb":0,"fsbutton_tb":13,"button_mh_tb":40,"button_pd_lr_tb":35,"button_ls_tb":0,"mgb_tb":40,"hidden_mobile":false,"button_icon_w_mb":0,"fsbutton_mb":13,"button_mh_mb":36,"button_pd_lr_mb":25,"button_ls_mb":0,"mgb_mb":40}},"365fb2fd-b82c-4f69-8f24-f113c170dadf":{"type":"custom_text","settings":{"text":"<span style=\"display: inline-block;border-bottom: solid 1px;\">Opening Hours<\/span>","remove_br_tag":false,"tag":"p","fontf":"inherit","text_cl":"#000000","text_fs":13,"text_lh":18,"text_fw":500,"text_ls":0,"font_italic":false,"text_shadow":false,"mgb":18,"text_fs_tb":13,"text_lh_tb":18,"text_ls_tb":0,"mgb_tb":15,"hidden_mobile":false,"text_fs_mb":13,"text_lh_mb":18,"text_ls_mb":0,"mgb_mb":15}},"d43c4579-791b-49a2-8ca9-808c75ed5010":{"type":"custom_text","settings":{"text":"Mon - Fri :    10:00am - 4:00pm\n<br>Sat - Sun :   10:00am - 5:00pm","remove_br_tag":false,"tag":"p","fontf":"inherit","text_cl":"#868686","text_fs":13,"text_lh":24,"text_fw":400,"text_ls":0,"font_italic":false,"text_shadow":false,"mgb":0,"text_fs_tb":13,"text_lh_tb":24,"text_ls_tb":0,"mgb_tb":0,"hidden_mobile":false,"text_fs_mb":13,"text_lh_mb":24,"text_ls_mb":0,"mgb_mb":0}},"1661330291a91bd7b4-0":{"type":"bl_col","settings":{"col_dk":"7","col_tb":"7","col_mb":"12","align_vertical":true,"content_align":"start","content_align_tablet":"start","content_align_mobile":"start","padding_inner":"","padding_inner_tb":"","padding_inner_mb":"","bg_cl":"rgba(0,0,0,0)"}},"d1453412-a7d9-47fd-9263-597c382d1f31":{"type":"image","settings":{"image_child":"shopify:\/\/shop_images\/b.jpg","img_link":"","open_link":"_self","img_width":690,"img_width_tb":0,"img_width_mb":0,"img_align":"start","img_align_tb":"start","img_align_mobile":"start","b_effect":"light-overlay","hidden_mobile":false,"mgb":0,"mgb_tb":0,"mgb_mb":0}}},"block_order":["1661330291a91bd7b4-3","d1e0515a-65c9-4a96-b8a2-c7d5a293ecd0","54cf6bfa-e038-43cf-bd3a-88e9b0d11570","4bb7a963-dae0-4b4c-8b02-dcb7c15fb08b","bf9f4b78-02f5-49c8-90e9-0c684bdcac0a","365fb2fd-b82c-4f69-8f24-f113c170dadf","d43c4579-791b-49a2-8ca9-808c75ed5010","1661330291a91bd7b4-0","d1453412-a7d9-47fd-9263-597c382d1f31"],"settings":{"space_h_item":"30","space_v_item":"30","space_h_item_mb":"10","space_v_item_mb":"10","layout":"t4s-container-wrap","cl_bg":"","cl_bg_gradient":"","mg":",,86px,","pd":"","mg_tb":",,50px,","pd_tb":"","mg_mb":",,30px,","pd_mb":""}}},"order":["heading","1661330292eae2eb6a","166133281281b0d367","1661330292eae2eb6b"]}