{"sections":{"heading":{"type":"heading-template","blocks":{"b49343f1-a16f-4a0c-834a-46b77fe777da":{"type":"1","settings":{"heading":"","fontf":"3","text_cl":"#000000","text_fs":40,"text_lh":60,"text_fw":300,"text_ls":0,"font_italic":false,"font_uppercase":false,"text_shadow":false,"mgb":0,"text_fs_tb":35,"text_lh_tb":46,"text_ls_tb":0,"mgb_tb":0,"hidden_mobile":false,"text_fs_mb":35,"text_lh_mb":46,"text_ls_mb":0,"mgb_mb":0}},"46ff9c32-9810-4c24-b2bd-9c6e38cc2ea8":{"type":"3","settings":{"breadcrumb_color":"#ffbb00","breadcrumb_color_link":"#000000","brc_mgb":0}}},"block_order":["b49343f1-a16f-4a0c-834a-46b77fe777da","46ff9c32-9810-4c24-b2bd-9c6e38cc2ea8"],"settings":{"parallax":false,"color":"#000000","overlay":0,"padding_top":40,"padding_bottom":30,"mg_b":50,"padding_top_tb":50,"padding_bottom_tb":50,"mg_btb":50,"padding_top_mb":50,"padding_bottom_mb":50,"mg_bmb":50,"box_border":"top_bottom","bg_pos":"center center","bg_repeat":"no-repeat","bg_size":"cover"}},"main":{"type":"main-page","settings":{"layout":"t4s-container-wrap","cl_bg":"","cl_bg_gradient":"","mg":"60px,,60px,","pd":"","mg_tb":",,50px,","pd_tb":"","mg_mb":",,30px,","pd_mb":""}},"image_with_text_UMwpkf":{"type":"image-with-text","blocks":{"bl_image_4YKyVQ":{"type":"bl_image","settings":{"image1":"shopify:\/\/shop_images\/FQ-2024-Feature-Kiki-Bazaar.png","col_dk":"6","col_tb":"6","layout_des":"carousel","post_mobile":"default","image_ratio":"ratioadapt","image_size":"contain","image_position":"8","loop":true,"au_time":0,"au_hover":true,"nav_btn":false,"btn_vi":"hover","btn_owl":"default","btn_shape":"none","btn_cl":"dark","btn_size":"small","btn_hidden_mobile":true,"nav_dot":false,"dot_owl":"default","dots_cl":"dark","dots_round":true,"dots_space":10,"dots_hidden_mobile":false}},"bl_text_D8tkBY":{"type":"bl_text","settings":{"col_dk":"6","col_tb":"6","text_size":"40,15","txt_align":"center","heading":"Please find our updated press folder below.","text":"<p><a href=\"https:\/\/drive.google.com\/drive\/u\/1\/folders\/1oXgFOYvPRrFotke2CE-JyURMaTv5eNZD\" target=\"_blank\" title=\"https:\/\/drive.google.com\/drive\/u\/1\/folders\/1oXgFOYvPRrFotke2CE-JyURMaTv5eNZD\">Download here:<\/a> This folder is updated regularly based on incoming stock and it's availability. Please get in touch with any questions you might have as we'd love to hear from you.<\/p><p>Regards, Lucy Thompson - 021335586<\/p>","hd_color":"#222222","des_color":"#878787","use_shadow":false,"button_label":"Button label","button_link":"","open_link":"_blank","button_style":"default","btn_icon":false,"btn_rounded":false,"btns_size":"default","btns_cl":"dark","button_effect":"default"}}},"block_order":["bl_image_4YKyVQ","bl_text_D8tkBY"],"settings":{"design_heading":"1","heading_center":true,"top_heading":"","top_subheading":"","tophead_mb":30,"tophead_mb_tb":30,"tophead_mb_mb":25,"space_h_item":"20","space_v_item":"10","space_h_item_tb":"30","space_v_item_tb":"30","space_h_item_mb":"20","space_v_item_mb":"10","layout":"t4s-container-wrap","cl_bg":"","cl_bg_gradient":"","mg":",,50px,","pd":"","mg_tb":",,30px,","pd_tb":"","mg_mb":",,30px,","pd_mb":""}},"feature_columns_nVJwcL":{"type":"feature-columns","blocks":{"text_block_8jNWVf":{"type":"text_block","settings":{"enable_image":true,"image":"shopify:\/\/shop_images\/NZ-House_GardenMagazine-2024-Feature-Kiki-Bazaar.png","title":"NZ House & Garden 2024","text":"","button_label":"","button_link":"","open_link":"_blank","btn_icon":false,"button_style":"default","btn_size":"default","btn_cl":"dark","button_effect":"fade"}},"text_block_ePf77r":{"type":"text_block","settings":{"enable_image":true,"image":"shopify:\/\/shop_images\/Kiki-Sunday-Loves-Press-Article-Sunday-Mag-2023.jpg","title":"Sunday Magazine 2023","text":"","button_label":"","button_link":"","open_link":"_blank","btn_icon":false,"button_style":"default","btn_size":"default","btn_cl":"dark","button_effect":"fade"}},"text_block_9n6jry":{"type":"text_block","settings":{"enable_image":true,"image":"shopify:\/\/shop_images\/FQ-2024-Feature-Kiki-Bazaar.png","title":"Fashion Quarterly 2024","text":"","button_label":"","button_link":"","open_link":"_blank","btn_icon":false,"button_style":"default","btn_size":"default","btn_cl":"dark","button_effect":"fade"}}},"block_order":["text_block_8jNWVf","text_block_ePf77r","text_block_9n6jry"],"settings":{"design_heading":"1","heading_center":true,"top_heading":"","top_subheading":"","tophead_mb":30,"tophead_mb_tb":30,"tophead_mb_mb":25,"text_align":"center","pos_text":"default","fs_title":22,"fs_text":14,"fs_title_mb":22,"fs_text_mb":12,"image_ratio":"ratio1_1","image_size":"cover","image_position":"8","img_effect":"none","b_effect":"none","layout_des":"1","space_h_item":"30","space_v_item":"30","space_h_item_tb":"20","space_v_item_tb":"20","space_h_item_mb":"10","space_v_item_mb":"10","col_dk":"3","col_tb":"2","col_mb":"1","loop":true,"au_time":0,"au_hover":true,"nav_btn":false,"btn_pos":"in","btn_distance":15,"btn_vi":"hover","btn_owl":"default","btn_shape":"none","btn_cl":"dark","btn_size":"small","btn_hidden_mobile":true,"nav_dot":false,"dot_owl":"default","dots_cl":"dark","dots_round":true,"dots_space":10,"dots_hidden_mobile":false,"layout":"t4s-container-wrap","cl_bg":"","cl_bg_gradient":"","mg":",,50px,","pd":"","mg_tb":",,50px,","pd_tb":"","mg_mb":",,30px,","pd_mb":""}}},"order":["heading","main","image_with_text_UMwpkf","feature_columns_nVJwcL"]}