{"sections":{"breadcrumb":{"type":"brc-nav-product","settings":{"breadcrumb_pr":true,"back_next_pr":true,"box_border":"top","cl_bg":"rgba(0,0,0,0)","cl_link":"#222222","margin_bt":5}},"main":{"type":"main-product","blocks":{"d5b7b0a4-fb63-44fc-9d84-10e7223a983d":{"type":"review","disabled":true,"settings":{"rating":true,"review_liquid":""}},"3eaacecf-c956-46e5-84ef-40474509a065":{"type":"title","settings":{"txt_tr_pr":"none","fnt_df_pr":"1","size_pr":22,"fw_pr":400,"lh_pr":0,"ls_pr":0,"pr_title_color":"#000000"}},"18a8b200-4f94-4b72-b0eb-01abf185ecb3":{"type":"price","settings":{"price":"0","type_sale":"0","tax_ship":false,"size_price_pr":20,"fw_price_pr":400,"primary_price_color":"#000000","secondary_price_color":"#868686","price_sale":"#fa0000"}},"49fc91c0-8308-4d0f-90f1-cfe6c5d8ea04":{"type":"line","settings":{"color_line":"#e9e9e9","height_line":1,"space_tb":15,"space_tb_mb":10}},"1a3a9220-2bb3-4ab1-a2cb-03d0d9bb32c6":{"type":"description","settings":{"des":"1","text":"<p>Cenean viverra rhoncus pede. Ut id nisl quis enim dignissim sagittis. Fusce ac felis sitpharetra condimentum...<\/p>","length":30,"readm":false,"readm_txt":"Read more"}},"8efd84b3-4647-43eb-8040-d7451a522e7d":{"type":"size","settings":{"size_chart":"2","pos_sizeg":"1","sc_type":"1","page":"size-chart","size_ck":"","icon":"default","icon_name":"las la-ruler-horizontal","ani":"none"}},"8f619784-04a8-4c20-b813-6902f9e3e922":{"type":"form","settings":{"selector_mode":"radio","color_mode":"radio","enable_fit_ratio_img":false,"color_size":"medium","show_qty":true,"enable_wishlist":true,"enable_compare":false,"btn_atc_full":true,"pr_btn_round":0,"wis_cp_btn_round":40,"ani":"none","time":6,"btn_txt":"3","btn_icon":false,"button_style":"default","button_color":"dark","button_effect":"fade","wishlist_color":"#000000","wishlist_color_hover":"#0ec1ae","wishlist_color_active":"#e81e1e","compare_color":"#000000","compare_color_hover":"#0ec1ae","show_dynamic_checkout":false,"btn_txt2":"3","button_color_payment":"dark","product_list":[],"show_product_current":true,"show_text_price":true,"qty_val":"0","advance_label":"Choose style","advance_pr_list":[]}},"e8f22b12-b4a8-4a95-b4bc-9a0d2c8075c5":{"type":"delivery_ask","settings":{"delivery":true,"page_dr":"shipping-delivery","ask":true,"phone":true}},"63217937-b18c-4e9f-b8c9-eb0b670c14fc":{"type":"meta","settings":{"pr_meta_horizontal":true,"show_options":false,"show_vendor":true,"show_type":false,"show_sku":false,"show_barcode":false,"show_available":true,"show_category":true,"show_tags":true}},"6927e5dd-04a4-4db6-a60c-76fab4d0069a":{"type":"socials","settings":{"title":"Share","social_mode":"2","social_style":"simple","social_size":"medium","bd_radius":0,"use_color_set":true,"pri_cl":"#222222","pri_hover_cl":"#222222","space_h_item":"20","space_v_item":"5","space_h_item_mb":"10","space_v_item_mb":"2"}},"8cb75c19-2a0d-4fb8-9e65-526f24de623b":{"type":"tab_des","settings":{"title":"Description"}},"ff4e4ed9-2087-42f7-8182-94e5a5181c84":{"type":"tab_add","settings":{"title":"Additional Information"}},"3090d62a-b7a8-4f60-9743-2d26b84a78f3":{"type":"tab_rivui","disabled":true,"settings":{"title":"Reviews for \"[pr_title]\"","review_liquid":""}}},"block_order":["d5b7b0a4-fb63-44fc-9d84-10e7223a983d","3eaacecf-c956-46e5-84ef-40474509a065","18a8b200-4f94-4b72-b0eb-01abf185ecb3","49fc91c0-8308-4d0f-90f1-cfe6c5d8ea04","1a3a9220-2bb3-4ab1-a2cb-03d0d9bb32c6","8efd84b3-4647-43eb-8040-d7451a522e7d","8f619784-04a8-4c20-b813-6902f9e3e922","e8f22b12-b4a8-4a95-b4bc-9a0d2c8075c5","63217937-b18c-4e9f-b8c9-eb0b670c14fc","6927e5dd-04a4-4db6-a60c-76fab4d0069a","8cb75c19-2a0d-4fb8-9e65-526f24de623b","ff4e4ed9-2087-42f7-8182-94e5a5181c84","3090d62a-b7a8-4f60-9743-2d26b84a78f3"],"settings":{"pr_layout":"default","enable_sticky_info":true,"enable_space_content":true,"media_layout":"thumbnails_left","media_size":"medium","thumb_lr_size":"medium","thumb_lr_hover":"1","image_ratio":"ratioadapt","image_size":"cover","image_position":"8","main_click":"zoom","zoom_tp":"inner","enable_zoom_icon":true,"enable_zoom_click_mb":true,"enable_video_looping":false,"enable_video_muting":true,"enable_video_autoplaying":true,"eff":"fade","nav_btn":true,"btn_vi":"always","btn_owl":"simple","btn_shape":"round","btn_cl":"dark","btn_size":"medium","btn_hidden_mobile":false,"nav_dot":false,"dot_owl":"default","dots_cl":"dark","dots_round":true,"dots_space":10,"dots_hidden_mobile":false,"tabs_design":"tab","tabs_accordion_mb":true,"enable_line_tabs":true,"tabs_position":"external","enable_first_tab":false,"tabs_layout":"default","bg":"#ffffff","bg_mb":"#ffffff","product_list":[],"sticky_mode":"2","sticky_show":"2","sticky_layout_mb":"minimal","enable_select":true,"ani":"none","time":6}},"sidebar":{"type":"sidebar-product","disabled":true,"settings":{"enable_drawer":false,"space":50,"size":"medium","br_style":"none","brcolor":"#222222","sidebar_bdr":5,"sidebar_pd":10}},"product-related-recent":{"type":"product-related-recent","blocks":{"942d0ec4-5182-4818-a3d6-d06cbf2680a1":{"type":"recommendations","settings":{"design_heading":"1","heading_center":true,"title":"Related products","description":"","tophead_mb":30,"tophead_mb_tb":30,"tophead_mb_mb":25,"product_des":"1","rating_pos":"1","list_color_pos":"1","list_size_pos":"1","show_vendor":false,"use_cdt":false,"limit":10,"display_type":"3","image_ratio":"rationt","image_size":"cover","image_position":"8","content_align":"default","col_dk":"4","col_tb":"3","col_mb":"2","space_h_item":"30","space_v_item":"30","space_h_item_tb":"15","space_v_item_tb":"15","space_h_item_mb":"15","space_v_item_mb":"15","layout_des":"2","loop":true,"au_time":0,"au_hover":true,"nav_btn":false,"btn_pos":"in","btn_distance":15,"btn_vi":"hover","btn_owl":"default","btn_shape":"none","btn_cl":"dark","btn_size":"small","btn_hidden_mobile":true,"nav_dot":true,"dot_owl":"elessi2","dots_cl":"dark","dots_round":true,"dots_space":15,"dots_hidden_mobile":false,"mgb":35,"mgb_tb":50,"mgb_mb":15}},"67689988-9945-4e23-8a5b-10f1dd3e4b39":{"type":"recently","settings":{"design_heading":"1","heading_center":true,"title":"Recently viewed","description":"","tophead_mb":30,"tophead_mb_tb":30,"tophead_mb_mb":25,"product_des":"1","rating_pos":"1","list_color_pos":"1","list_size_pos":"1","show_vendor":false,"use_cdt":false,"limit":8,"sortby":"3","unavailable_prs":"show","image_ratio":"rationt","image_size":"cover","image_position":"8","content_align":"default","col_dk":"4","col_tb":"3","col_mb":"2","space_h_item":"30","space_v_item":"30","space_h_item_tb":"15","space_v_item_tb":"15","space_h_item_mb":"15","space_v_item_mb":"15","layout_des":"2","loop":true,"au_time":0,"au_hover":true,"nav_btn":false,"btn_pos":"in","btn_distance":15,"btn_vi":"hover","btn_owl":"default","btn_shape":"none","btn_cl":"dark","btn_size":"small","btn_hidden_mobile":true,"nav_dot":true,"dot_owl":"elessi2","dots_cl":"dark","dots_round":true,"dots_space":15,"dots_hidden_mobile":false,"mgb":35,"mgb_tb":50,"mgb_mb":15}}},"block_order":["942d0ec4-5182-4818-a3d6-d06cbf2680a1","67689988-9945-4e23-8a5b-10f1dd3e4b39"],"settings":{"enable_tab":true,"layout":"t4s-container-wrap","cl_bg":"","cl_bg_gradient":"","mg":",,50px,","pd":"","mg_tb":",,50px,","pd_tb":"","mg_mb":"30px,,50px,","pd_mb":""}}},"order":["breadcrumb","main","sidebar","product-related-recent"]}