{
  "author": "Unsen",
  "about": "Multipurpose Shopify Theme OS2.0",
  "logo": "https:\/\/cdn.shopify.com\/s\/files\/1\/0651\/3157\/7585\/files\/logo_black-Unsen.svg?v=1658817149",
  "logo_white": "https:\/\/cdn.shopify.com\/s\/files\/1\/0651\/3157\/7585\/files\/logo_white-Unsen.svg?v=1658817149",
  "icon": "https:\/\/cdn.shopify.com\/s\/files\/1\/0651\/3157\/7585\/files\/z3594756212370_c53fe46b351a211cca86ae67b01d3595.jpg?v=1658805384",
  "icon_white": "https:\/\/cdn.shopify.com\/s\/files\/1\/0651\/3157\/7585\/files\/z3594756212370_c53fe46b351a211cca86ae67b01d3595.jpg?v=1658805384",
  "url": "https:\/\/1.envato.market\/kj62oN",
  "website": "https:\/\/the4.co",
  "description": "Unsen – Multipurpose Shopify Theme OS2.0 – is a modern and niche eCommerce template that is perfect for your eCommerce business. Unsen including niche 20 demos, ultimate feature variations for category and product detail pages. More niche and powerful features are coming soon.\n [Meet Unsen](https:\/\/themeforest.net\/item\/unsen-multipurpose-shopify-theme-os20\/39744835)",
  "dev": false,
  "library": {
    "categories": [
      {
        "id": "home",
        "title": "Home Page"
      }
    ],
    "pages": [
      {
        "title": "Home Default",
        "thumbnail": "https:\/\/cdn.shopify.com\/s\/files\/1\/0651\/3157\/7585\/files\/01_Default.jpg?v=1675737589",
        "source": "https:\/\/cdn.shopify.com\/s\/files\/1\/0651\/3157\/7585\/files\/01_Default.ecom?v=1675737589",
        "categories": [
          "home"
        ]
      },
      {
        "title": "Home Fashion 01",
        "thumbnail": "https:\/\/cdn.shopify.com\/s\/files\/1\/0651\/3157\/7585\/files\/02_Fashion_01.jpg?v=1675737588",
        "source": "https:\/\/cdn.shopify.com\/s\/files\/1\/0651\/3157\/7585\/files\/02_Fashion_01.ecom?v=1675737589",
        "categories": [
          "home"
        ]
      },
      {
        "title": "Home Fashion 02",
        "thumbnail": "https:\/\/cdn.shopify.com\/s\/files\/1\/0651\/3157\/7585\/files\/03_Fashion_02.jpg?v=1675737589",
        "source": "https:\/\/cdn.shopify.com\/s\/files\/1\/0651\/3157\/7585\/files\/03_Fashion_02.ecom?v=1675737589",
        "categories": [
          "home"
        ]
      },
      {
        "title": "Home Fashion 03",
        "thumbnail": "https:\/\/cdn.shopify.com\/s\/files\/1\/0651\/3157\/7585\/files\/04_Fashion_03.jpg?v=1675737589",
        "source": "https:\/\/cdn.shopify.com\/s\/files\/1\/0651\/3157\/7585\/files\/04_Fashion_03.ecom?v=1675737589",
        "categories": [
          "home"
        ]
      },
      {
        "title": "Home Fashion 04",
        "thumbnail": "https:\/\/cdn.shopify.com\/s\/files\/1\/0651\/3157\/7585\/files\/05_Fashion_04.jpg?v=1675737589",
        "source": "https:\/\/cdn.shopify.com\/s\/files\/1\/0651\/3157\/7585\/files\/05_Fashion_04.ecom?v=1675737589",
        "categories": [
          "home"
        ]
      },
      {
        "title": "Home Cyber monday",
        "thumbnail": "https:\/\/cdn.shopify.com\/s\/files\/1\/0651\/3157\/7585\/files\/06_Cyber_monday.jpg?v=1675737589",
        "source": "https:\/\/cdn.shopify.com\/s\/files\/1\/0651\/3157\/7585\/files\/06_Cyber_monday.ecom?v=1675737589",
        "categories": [
          "home"
        ]
      },
      {
        "title": "Home POD",
        "thumbnail": "https:\/\/cdn.shopify.com\/s\/files\/1\/0651\/3157\/7585\/files\/07_POD.jpg?v=1675737589",
        "source": "https:\/\/cdn.shopify.com\/s\/files\/1\/0651\/3157\/7585\/files\/07_POD.ecom?v=1675737590",
        "categories": [
          "home"
        ]
      },
      {
        "title": "Home Vape",
        "thumbnail": "https:\/\/cdn.shopify.com\/s\/files\/1\/0651\/3157\/7585\/files\/08_Vape.jpg?v=1675737589",
        "source": "https:\/\/cdn.shopify.com\/s\/files\/1\/0651\/3157\/7585\/files\/08_Vape.ecom?v=1675737589",
        "categories": [
          "home"
        ]
      },
      {
        "title": "Home Yoga",
        "thumbnail": "https:\/\/cdn.shopify.com\/s\/files\/1\/0651\/3157\/7585\/files\/09_Yoga.jpg?v=1675737589",
        "source": "https:\/\/cdn.shopify.com\/s\/files\/1\/0651\/3157\/7585\/files\/09_Yoga.ecom?v=1675737589",
        "categories": [
          "home"
        ]
      },
      {
        "title": "Home Pet",
        "thumbnail": "https:\/\/cdn.shopify.com\/s\/files\/1\/0651\/3157\/7585\/files\/10_Pets.jpg?v=1675737589",
        "source": "https:\/\/cdn.shopify.com\/s\/files\/1\/0651\/3157\/7585\/files\/10_Pets.ecom?v=1675737589",
        "categories": [
          "home"
        ]
      }
    ]
  },
  "elements": {
    "unsenProductGrid": {
      "types": [
        "home",
        "product",
        "page",
        "section",
        "quickview"
      ],
      "name": "unsenProductGrid",
      "title": "Unsen Product Grid",
      "file": "https:\/\/cdn.ecomposer.app\/kalles-elements\/unsen\/product-grid.ecom.html",
      "icon": "<svg xmlns=\"http:\/\/www.w3.org\/2000\/svg\" viewBox=\"0 0 448 512\"><path d=\"M88 32C110.1 32 128 49.91 128 72V120C128 142.1 110.1 160 88 160H40C17.91 160 0 142.1 0 120V72C0 49.91 17.91 32 40 32H88zM88 64H40C35.58 64 32 67.58 32 72V120C32 124.4 35.58 128 40 128H88C92.42 128 96 124.4 96 120V72C96 67.58 92.42 64 88 64zM88 192C110.1 192 128 209.9 128 232V280C128 302.1 110.1 320 88 320H40C17.91 320 0 302.1 0 280V232C0 209.9 17.91 192 40 192H88zM88 224H40C35.58 224 32 227.6 32 232V280C32 284.4 35.58 288 40 288H88C92.42 288 96 284.4 96 280V232C96 227.6 92.42 224 88 224zM0 392C0 369.9 17.91 352 40 352H88C110.1 352 128 369.9 128 392V440C128 462.1 110.1 480 88 480H40C17.91 480 0 462.1 0 440V392zM32 392V440C32 444.4 35.58 448 40 448H88C92.42 448 96 444.4 96 440V392C96 387.6 92.42 384 88 384H40C35.58 384 32 387.6 32 392zM248 32C270.1 32 288 49.91 288 72V120C288 142.1 270.1 160 248 160H200C177.9 160 160 142.1 160 120V72C160 49.91 177.9 32 200 32H248zM248 64H200C195.6 64 192 67.58 192 72V120C192 124.4 195.6 128 200 128H248C252.4 128 256 124.4 256 120V72C256 67.58 252.4 64 248 64zM160 232C160 209.9 177.9 192 200 192H248C270.1 192 288 209.9 288 232V280C288 302.1 270.1 320 248 320H200C177.9 320 160 302.1 160 280V232zM192 232V280C192 284.4 195.6 288 200 288H248C252.4 288 256 284.4 256 280V232C256 227.6 252.4 224 248 224H200C195.6 224 192 227.6 192 232zM248 352C270.1 352 288 369.9 288 392V440C288 462.1 270.1 480 248 480H200C177.9 480 160 462.1 160 440V392C160 369.9 177.9 352 200 352H248zM248 384H200C195.6 384 192 387.6 192 392V440C192 444.4 195.6 448 200 448H248C252.4 448 256 444.4 256 440V392C256 387.6 252.4 384 248 384zM320 72C320 49.91 337.9 32 360 32H408C430.1 32 448 49.91 448 72V120C448 142.1 430.1 160 408 160H360C337.9 160 320 142.1 320 120V72zM352 72V120C352 124.4 355.6 128 360 128H408C412.4 128 416 124.4 416 120V72C416 67.58 412.4 64 408 64H360C355.6 64 352 67.58 352 72zM408 192C430.1 192 448 209.9 448 232V280C448 302.1 430.1 320 408 320H360C337.9 320 320 302.1 320 280V232C320 209.9 337.9 192 360 192H408zM408 224H360C355.6 224 352 227.6 352 232V280C352 284.4 355.6 288 360 288H408C412.4 288 416 284.4 416 280V232C416 227.6 412.4 224 408 224zM320 392C320 369.9 337.9 352 360 352H408C430.1 352 448 369.9 448 392V440C448 462.1 430.1 480 408 480H360C337.9 480 320 462.1 320 440V392zM352 392V440C352 444.4 355.6 448 360 448H408C412.4 448 416 444.4 416 440V392C416 387.6 412.4 384 408 384H360C355.6 384 352 387.6 352 392z\"\/><\/svg>",
      "category": [
        "theme"
      ],
      "data": {
        "title": "Unsen Products Grid",
        "template": "featured",
        "settings": {
        }
      }
    },
    "ProductHasStock": {
      "types": [
        "home",
        "product",
        "page",
        "section",
        "quickview"
      ],
      "name": "ProductHasStock",
      "title": "Product Has Stock",
      "file": "https:\/\/cdn.shopify.com\/s\/files\/1\/0657\/0013\/5154\/t\/2\/assets\/product-has-stock.ecom.html",
      "icon": "<svg xmlns=\"http:\/\/www.w3.org\/2000\/svg\" viewBox=\"0 0 448 512\"><path d=\"M88 32C110.1 32 128 49.91 128 72V120C128 142.1 110.1 160 88 160H40C17.91 160 0 142.1 0 120V72C0 49.91 17.91 32 40 32H88zM88 64H40C35.58 64 32 67.58 32 72V120C32 124.4 35.58 128 40 128H88C92.42 128 96 124.4 96 120V72C96 67.58 92.42 64 88 64zM88 192C110.1 192 128 209.9 128 232V280C128 302.1 110.1 320 88 320H40C17.91 320 0 302.1 0 280V232C0 209.9 17.91 192 40 192H88zM88 224H40C35.58 224 32 227.6 32 232V280C32 284.4 35.58 288 40 288H88C92.42 288 96 284.4 96 280V232C96 227.6 92.42 224 88 224zM0 392C0 369.9 17.91 352 40 352H88C110.1 352 128 369.9 128 392V440C128 462.1 110.1 480 88 480H40C17.91 480 0 462.1 0 440V392zM32 392V440C32 444.4 35.58 448 40 448H88C92.42 448 96 444.4 96 440V392C96 387.6 92.42 384 88 384H40C35.58 384 32 387.6 32 392zM248 32C270.1 32 288 49.91 288 72V120C288 142.1 270.1 160 248 160H200C177.9 160 160 142.1 160 120V72C160 49.91 177.9 32 200 32H248zM248 64H200C195.6 64 192 67.58 192 72V120C192 124.4 195.6 128 200 128H248C252.4 128 256 124.4 256 120V72C256 67.58 252.4 64 248 64zM160 232C160 209.9 177.9 192 200 192H248C270.1 192 288 209.9 288 232V280C288 302.1 270.1 320 248 320H200C177.9 320 160 302.1 160 280V232zM192 232V280C192 284.4 195.6 288 200 288H248C252.4 288 256 284.4 256 280V232C256 227.6 252.4 224 248 224H200C195.6 224 192 227.6 192 232zM248 352C270.1 352 288 369.9 288 392V440C288 462.1 270.1 480 248 480H200C177.9 480 160 462.1 160 440V392C160 369.9 177.9 352 200 352H248zM248 384H200C195.6 384 192 387.6 192 392V440C192 444.4 195.6 448 200 448H248C252.4 448 256 444.4 256 440V392C256 387.6 252.4 384 248 384zM320 72C320 49.91 337.9 32 360 32H408C430.1 32 448 49.91 448 72V120C448 142.1 430.1 160 408 160H360C337.9 160 320 142.1 320 120V72zM352 72V120C352 124.4 355.6 128 360 128H408C412.4 128 416 124.4 416 120V72C416 67.58 412.4 64 408 64H360C355.6 64 352 67.58 352 72zM408 192C430.1 192 448 209.9 448 232V280C448 302.1 430.1 320 408 320H360C337.9 320 320 302.1 320 280V232C320 209.9 337.9 192 360 192H408zM408 224H360C355.6 224 352 227.6 352 232V280C352 284.4 355.6 288 360 288H408C412.4 288 416 284.4 416 280V232C416 227.6 412.4 224 408 224zM320 392C320 369.9 337.9 352 360 352H408C430.1 352 448 369.9 448 392V440C448 462.1 430.1 480 408 480H360C337.9 480 320 462.1 320 440V392zM352 392V440C352 444.4 355.6 448 360 448H408C412.4 448 416 444.4 416 440V392C416 387.6 412.4 384 408 384H360C355.6 384 352 387.6 352 392z\"\/><\/svg>",
      "category": [
        "theme"
      ],
      "data": {
        "title": "Products Has Stock",
        "template": "featured",
        "settings": {
        }
      }
    },
    "GalleryTextAccordions": {
      "types": [
        "home",
        "product",
        "page",
        "section",
        "quickview"
      ],
      "name": "GalleryTextAccordions",
      "title": "Gallery Text Accordions",
      "file": "https:\/\/cdn.shopify.com\/s\/files\/1\/0657\/0013\/5154\/t\/2\/assets\/gallery-text-accordions.ecom.html",
      "icon": "<svg xmlns=\"http:\/\/www.w3.org\/2000\/svg\" viewBox=\"0 0 512 512\"><!--! Font Awesome Pro 6.2.1 by @fontawesome - https:\/\/fontawesome.com License - https:\/\/fontawesome.com\/license (Commercial License) Copyright 2022 Fonticons, Inc. --><path d=\"M192 32c0 17.7 14.3 32 32 32c123.7 0 224 100.3 224 224c0 17.7 14.3 32 32 32s32-14.3 32-32C512 128.9 383.1 0 224 0c-17.7 0-32 14.3-32 32zm0 96c0 17.7 14.3 32 32 32c70.7 0 128 57.3 128 128c0 17.7 14.3 32 32 32s32-14.3 32-32c0-106-86-192-192-192c-17.7 0-32 14.3-32 32zM96 144c0-26.5-21.5-48-48-48S0 117.5 0 144V368c0 79.5 64.5 144 144 144s144-64.5 144-144s-64.5-144-144-144H128v96h16c26.5 0 48 21.5 48 48s-21.5 48-48 48s-48-21.5-48-48V144z\"\/><\/svg>",
      "category": [
        "theme"
      ],
      "data": {
        "title": "Gallery Text Accordions",
        "settings": {
        }
      }
    },
    "ProductsTabs": {
      "types": [
        "home",
        "product",
        "page",
        "section",
        "quickview"
      ],
      "name": "ProductsTabs",
      "title": "Unsen Products Tabs",
      "file": "https:\/\/cdn.shopify.com\/s\/files\/1\/0657\/0013\/5154\/t\/2\/assets\/products-tabs.ecom.html",
      "icon": "<svg xmlns=\"http:\/\/www.w3.org\/2000\/svg\" viewBox=\"0 0 512 512\"><!--! Font Awesome Pro 6.2.1 by @fontawesome - https:\/\/fontawesome.com License - https:\/\/fontawesome.com\/license (Commercial License) Copyright 2022 Fonticons, Inc. --><path d=\"M192 32c0 17.7 14.3 32 32 32c123.7 0 224 100.3 224 224c0 17.7 14.3 32 32 32s32-14.3 32-32C512 128.9 383.1 0 224 0c-17.7 0-32 14.3-32 32zm0 96c0 17.7 14.3 32 32 32c70.7 0 128 57.3 128 128c0 17.7 14.3 32 32 32s32-14.3 32-32c0-106-86-192-192-192c-17.7 0-32 14.3-32 32zM96 144c0-26.5-21.5-48-48-48S0 117.5 0 144V368c0 79.5 64.5 144 144 144s144-64.5 144-144s-64.5-144-144-144H128v96h16c26.5 0 48 21.5 48 48s-21.5 48-48 48s-48-21.5-48-48V144z\"\/><\/svg>",
      "category": [
        "theme"
      ],
      "data": {
        "title": "Unsen Products Tabs",
        "settings": {
        }
      }
    },
    "unsenTestimonials": {
      "types": [
        "home",
        "product",
        "page",
        "section",
        "quickview"
      ],
      "name": "unsenTestimonials",
      "title": "Unsens Testimonials",
      "file": "https:\/\/cdn.shopify.com\/s\/files\/1\/0657\/0013\/5154\/t\/2\/assets\/unsen_testimonials.ecom.html",
      "icon": "<svg xmlns=\"http:\/\/www.w3.org\/2000\/svg\" viewBox=\"0 0 512 512\"><!--! Font Awesome Pro 6.2.1 by @fontawesome - https:\/\/fontawesome.com License - https:\/\/fontawesome.com\/license (Commercial License) Copyright 2022 Fonticons, Inc. --><path d=\"M255.1 96L267.1 84.02C300.6 51.37 347 36.51 392.6 44.1C461.5 55.58 512 115.2 512 185.1V190.9C512 232.4 494.8 272.1 464.4 300.4L283.7 469.1C276.2 476.1 266.3 480 256 480C245.7 480 235.8 476.1 228.3 469.1L47.59 300.4C17.23 272.1 0 232.4 0 190.9V185.1C0 115.2 50.52 55.58 119.4 44.1C164.1 36.51 211.4 51.37 244 84.02L255.1 96zM255.1 141.3L221.4 106.6C196.1 81.31 160 69.77 124.7 75.66C71.21 84.58 31.1 130.9 31.1 185.1V190.9C31.1 223.6 45.55 254.7 69.42 277L250.1 445.7C251.7 447.2 253.8 448 255.1 448C258.2 448 260.3 447.2 261.9 445.7L442.6 277C466.4 254.7 480 223.6 480 190.9V185.1C480 130.9 440.8 84.58 387.3 75.66C351.1 69.77 315.9 81.31 290.6 106.6L255.1 141.3z\"\/><\/svg>",
      "category": [
        "theme"
      ],
      "data": {
        "title": "Unsen Testimonials",
        "settings": {
        }
      }
    },
    "unsenBlog2": {
      "types": [
        "home",
        "product",
        "page",
        "section",
        "quickview"
      ],
      "name": "unsenBlog2",
      "title": "Unsen blog2",
      "file": "https:\/\/cdn.shopify.com\/s\/files\/1\/0657\/0013\/5154\/t\/2\/assets\/unsen_blog2.ecom.html",
      "icon": "<svg xmlns=\"http:\/\/www.w3.org\/2000\/svg\" viewBox=\"0 0 512 512\"><!--! Font Awesome Pro 6.2.1 by @fontawesome - https:\/\/fontawesome.com License - https:\/\/fontawesome.com\/license (Commercial License) Copyright 2022 Fonticons, Inc. --><path d=\"M255.1 96L267.1 84.02C300.6 51.37 347 36.51 392.6 44.1C461.5 55.58 512 115.2 512 185.1V190.9C512 232.4 494.8 272.1 464.4 300.4L283.7 469.1C276.2 476.1 266.3 480 256 480C245.7 480 235.8 476.1 228.3 469.1L47.59 300.4C17.23 272.1 0 232.4 0 190.9V185.1C0 115.2 50.52 55.58 119.4 44.1C164.1 36.51 211.4 51.37 244 84.02L255.1 96zM255.1 141.3L221.4 106.6C196.1 81.31 160 69.77 124.7 75.66C71.21 84.58 31.1 130.9 31.1 185.1V190.9C31.1 223.6 45.55 254.7 69.42 277L250.1 445.7C251.7 447.2 253.8 448 255.1 448C258.2 448 260.3 447.2 261.9 445.7L442.6 277C466.4 254.7 480 223.6 480 190.9V185.1C480 130.9 440.8 84.58 387.3 75.66C351.1 69.77 315.9 81.31 290.6 106.6L255.1 141.3z\"\/><\/svg>",
      "category": [
        "theme"
      ],
      "data": {
        "title": "Unsen blog2",
        "settings": {
        }
      }
    }
  }
}