{"sections":{"heading":{"type":"heading-template","blocks":{"b49343f1-a16f-4a0c-834a-46b77fe777da":{"type":"1","settings":{"heading":"","fontf":"inherit","text_cl":"#000","text_fs":40,"text_lh":56,"text_fw":300,"text_ls":0,"font_italic":false,"font_uppercase":false,"text_shadow":false,"mgb":0,"text_fs_tb":35,"text_lh_tb":46,"text_ls_tb":0,"mgb_tb":0,"hidden_mobile":false,"text_fs_mb":35,"text_lh_mb":46,"text_ls_mb":0,"mgb_mb":0}}},"block_order":["b49343f1-a16f-4a0c-834a-46b77fe777da"],"settings":{"parallax":false,"color":"#000","overlay":0,"padding_top":50,"padding_bottom":50,"mg_b":50,"padding_top_tb":50,"padding_bottom_tb":50,"mg_btb":50,"padding_top_mb":50,"padding_bottom_mb":50,"mg_bmb":50,"box_border":"top_bottom","bg_pos":"center center","bg_repeat":"no-repeat","bg_size":"cover"}},"main":{"type":"main-customers-account","settings":{}}},"order":["heading","main"]}