{"current":{"purchase_code":"f785e3a4-84a6-4b08-9976-dd5ec89227e9","general_layout":"custom","cus_w_bd":1440,"body_bg":"#fff","home_keywords":"Kiki Bazaar\nHomewares\nHome Decor\nHandcrafted\nSustainable\nEthical\nNatural Materials\nInteriors\nGifts\nAccessories\nVery Special Homewares\nHomewares Online\nRugs\nMats\nThrows\nBlankets\nCushions\nOutdoor\nFurniture\nLighting\nLamps\nLifestyle\nCeramics\nDinnerware\nDinnersets\nTableware\nBeach\nAccessories","shop_author":"Kiki Bazaar","ajax_klaviyo":true,"checkbox_mail":false,"link_mail":"contact","timezone":"Pacific\/Auckland","header_design":"inline","logo_svg":"","logo":"shopify:\/\/shop_images\/KIKI_BAZAAR_SINGLE_LINE.png","logo_width":350,"logos":"shopify:\/\/shop_images\/KIKI_BAZAAR_SINGLE_LINE.png","logos_width":350,"logo_mb":"shopify:\/\/shop_images\/KIKI_BAZAAR_SINGLE_LINE.png","logo_mb_width":350,"mobile_nav_type":"4","accent_color":"#ffbb00","border_color":"#e6e6e6","price_primary":"#ffbb00","price_sale":"#ffbb00","link_color_hover":"#ffbb00","cl_lazyload":"#ffbb00","btn_radius":60,"font_source":"2","fnt_fm_sp1":"archivo_n4","fnt_fm_sp3":"courier_new_n4","fnt_fm_gg1":"Arial","fnt_fm_gg2":"Arial","fnt_fm_gg3":"Courier New","bd_ffamily":"1","hd_ffamily":"2","wishlist_mode":"1","enable_compe":false,"enable_compe_popup":true,"badge_shape":"2","badge_reverse_color":true,"label_sale_style":"2","new_day_added":60,"use_preorder_badge":true,"sale_badge_color":"#ffbb00","new_badge_color":"#6b00be","preorder_badge_color":"#0b2d14","enable_rating":false,"enable_eff_img1":true,"use_incoming_mess":false,"free_ship_pr":"adilette-slide-sandal","des_shipbar_cl_1":"#fa0000","gift_wrap_pr":"gift-wrap","link_ship":"shipping-delivery","link_conditions":"terms-conditions","privacy_policy_link":"privacy-policy","filter_type_search":true,"only_search_prs":false,"search_types":"sidebar_hidden","show_search_suggest":true,"search_prs_suggest":"blankets-throws","show_search_hotkey":true,"list_hotkey":"Table, outdoor, cushion","flag_currency":true,"size_currency":"sm","supported_currencies":"NZD - NZD | AUD - AUD | USD - USD | GBP - GBP","mess_currency":"All final charges are billed in [original_currency].","colors_css":true,"custom_css_t4s":true,"global_css":"#shopify-section-template--21059558211905__main .t4s-product-form__submit {\ndisplay: none;\n}","share_facebook":true,"share_telegram":false,"share_whatsapp":true,"social_facebook_link":"https:\/\/facebook.com\/kikibazaaronline","social_twitter_link":"","social_instagram_link":"https:\/\/www.instagram.com\/kikibazaar\/","social_dribbble_link":"","social_pinterest_link":"","social_youtube_link":"","social_behance_link":"","social_tiktok_link":"","favicon":"shopify:\/\/shop_images\/Kiki-Bazaar-Global-Crafted-Homewares-Interiors-Decor-Gifts-Accessories.png","checkout_logo_image":"shopify:\/\/shop_images\/Kiki-Bazaar-Homewares-Online-Shopify-Checkout02_e99115a3-fac9-4c38-9621-c6df8bc3a694.png","checkout_logo_position":"center","checkout_logo_size":"large","checkout_body_background_color":"#ffffff","checkout_input_background_color_mode":"white","checkout_accent_color":"#ffbb00","checkout_button_color":"#000000","favicon_apple":"shopify:\/\/shop_images\/z3594756212370_c53fe46b351a211cca86ae67b01d3595.jpg","sections":{"announcement-bar":{"type":"announcement-bar","blocks":{"announcement_zNhGYt":{"type":"announcement","disabled":true,"settings":{"content":"<p>Online Orders will be sent: 07-01-2026<\/p>","icons_op":"1","icon_awesome":"las la-home","btn_link_layout":"2","cl_btn":"#ffffff","bg_btn":"#000000","countdown":"2023\/12\/26","cd_layout":"1","txt_day":"days","txt_h":"h","txt_m":"m","txt_s":"s","bg_cd":"#d51919","cl_cd":"#ffffff","dayx":0}},"announcement-bar-0":{"type":"announcement","disabled":true,"settings":{"content":"<p>Spicy Friday Deals On Now! 30-50% off most categories!<a href=\"\/collections\/clearance\" title=\"Clearance - Up to 50% Off\"> Shop Now<\/a><\/p>","icons_op":"0","icon_awesome":"las la-home","btn_link_layout":"2","cl_btn":"#ffffff","bg_btn":"#0b2d14","countdown":"2022\/04\/19","cd_layout":"1","txt_day":"days","txt_h":"h","txt_m":"m","txt_s":"s","bg_cd":"#ffffff","cl_cd":"#ffffff","dayx":0}},"announcement_GKpCyg":{"type":"announcement","disabled":true,"settings":{"content":"<p>Gift Wrapping + Click & Collect until 24\/12<\/p>","icons_op":"0","icon_awesome":"las la-home","btn_link_layout":"2","cl_btn":"#ffffff","bg_btn":"#000000","countdown":"2023\/12\/26","cd_layout":"1","txt_day":"days","txt_h":"h","txt_m":"m","txt_s":"s","bg_cd":"#d51919","cl_cd":"#ffffff","dayx":0}},"announcement-bar-2":{"type":"announcement","settings":{"content":"<p>Get 10% Off - <a href=\"https:\/\/kikibazaar.com\/pages\/register\" title=\"https:\/\/kikibazaar.com\/pages\/register\"><span style=\"text-decoration:underline\">Sign up here<\/span><\/a><\/p>","icons_op":"0","icon_awesome":"las la-home","btn_link_layout":"2","cl_btn":"#ffffff","bg_btn":"#6b00be","countdown":"2022\/04\/19","cd_layout":"1","txt_day":"days","txt_h":"h","txt_m":"m","txt_s":"s","bg_cd":"#d51919","cl_cd":"#ffffff","dayx":0}},"announcement-bar-1":{"type":"announcement","settings":{"content":"<p>Afterpay Accepted<\/p>","icons_op":"0","icon_awesome":"las la-home","btn_link_layout":"2","cl_btn":"#ffffff","bg_btn":"#000000","countdown":"2022\/04\/19","cd_layout":"1","txt_day":"days","txt_h":"h","txt_m":"m","txt_s":"s","bg_cd":"#d51919","cl_cd":"#ffffff","dayx":0}},"announcement_MaLxrY":{"type":"announcement","disabled":true,"settings":{"content":"<p>Online orders ship 6 Jan<\/p>","icons_op":"0","icon_awesome":"las la-home","btn_link_layout":"2","cl_btn":"#ffffff","bg_btn":"#000000","countdown":"2022\/04\/19","cd_layout":"1","txt_day":"days","txt_h":"h","txt_m":"m","txt_s":"s","bg_cd":"#d51919","cl_cd":"#ffffff","dayx":0}}},"block_order":["announcement_zNhGYt","announcement-bar-0","announcement_GKpCyg","announcement-bar-2","announcement-bar-1","announcement_MaLxrY"],"settings":{"show_announcement":true,"effect":"1","au_time":6,"height":25,"fontsize":14,"ls_sp":0,"cl":"#ffffff","bg":"#000000","bg_op":100,"close":"1","cl_btn":"#ffffff","version":"1","date":100,"pd":",15px,,15px"}},"top-bar":{"type":"top-bar","blocks":{"1c9d942d-cad1-44db-aa4e-8af6299ec677":{"type":"link_list","settings":{"top_menu_link":"","hide":false,"text_align":"start","col":"6"}},"top-bar-2":{"type":"cur","settings":{"show_currency":true,"show_language":false,"socials_source":"2","top_menu_link":"","hide":false,"text_align":"end","col":"6"}}},"block_order":["1c9d942d-cad1-44db-aa4e-8af6299ec677","top-bar-2"],"settings":{"show_topbar":false,"topbar_transparent":false,"show_border_w":true,"height":30,"fontsize":12,"cl":"#868686","cl_a_hover":"#ffbb00","bg":"#ffffff","bg_op":0,"show_border":true,"bd_cl":"#e5e5e5","cl_tr":"#ffffff","cl_a_hover_tr":"#ffbb00","bg_tr":"#000000","bg_op_tr":10,"show_border_tr":false,"bd_cl_tr":"#b3b3b3","bd_cl_op":15,"pd":",90px,,90px"}},"header-inline":{"type":"header-inline","blocks":{"70811116-77e4-478a-bdb3-8fbf6a3cf48b":{"type":"mega","disabled":true,"settings":{"title":"Shop","url":"","open_link":"_self","icon":"","cus_cl":false,"cl":"#000000","lb":"","lb_cl":"#ffffff","use_sub_heading":true,"mg_sub_hd":"Collections","pos_sub":"bottom","wid":"cus","cus_wid":940,"id":1,"enable_packery":true,"r_s_h_item":"30","r_s_v_item":"0","padding_inner_bn":"30px,30px,30px,30px"}},"f5abf967-430c-45f1-9401-c3df4da95576":{"type":"drop","settings":{"title":"COLLECTIONS","url":"shopify:\/\/collections","open_link":"_self","menu":"collections-dd","icon":"","cus_cl":false,"cl":"#ec0101","lb":"","lb_cl":"","lazy_mn":true,"pos_sub":"bottom-start","cus_wid":260}},"97191ba2-396b-4bc5-81ba-a9b0ae75f2fd":{"type":"base","settings":{"title":"ALL PRODUCTS","url":"shopify:\/\/collections\/all","open_link":"_self","icon":"","cus_cl":false,"cl":"#ec0101","lb":"","lb_cl":""}},"dd855bbb-1a4f-4dec-9a7a-63473aae4db0":{"type":"base","disabled":true,"settings":{"title":"CONTACT","url":"shopify:\/\/pages\/contact","open_link":"_self","icon":"","cus_cl":false,"cl":"#ec0101","lb":"","lb_cl":""}},"d90f7552-a66f-4a5e-9b4f-cf676a944366":{"type":"drop","settings":{"title":"GIFT IDEAS","url":"shopify:\/\/collections\/gift-ideas-gifting","open_link":"_self","menu":"gifting-dd","icon":"","cus_cl":false,"cl":"#ec0101","lb":"","lb_cl":"","lazy_mn":true,"pos_sub":"bottom-start","cus_wid":260}},"drop_L8n6AC":{"type":"drop","settings":{"title":"ABOUT US","url":"shopify:\/\/pages\/about-us","open_link":"_self","menu":"about-us-d","icon":"","cus_cl":false,"cl":"#ec0101","lb":"","lb_cl":"","lazy_mn":true,"pos_sub":"bottom-start","cus_wid":260}},"7241a2fb-fba0-4332-8f79-cce6f6c78732":{"type":"drop","disabled":true,"settings":{"title":"GUIDES","url":"shopify:\/\/blogs\/guides","open_link":"_self","menu":"guides-menu","icon":"","cus_cl":false,"cl":"#ec0101","lb":"","lb_cl":"","lazy_mn":true,"pos_sub":"bottom-start","cus_wid":260}},"c95da595-d575-450c-a950-615206f85ffa":{"type":"drop","settings":{"title":"PRESS","url":"shopify:\/\/pages\/press","open_link":"_self","menu":"","icon":"","cus_cl":false,"cl":"#ec0101","lb":"","lb_cl":"#ffbb00","lazy_mn":false,"pos_sub":"bottom-start","cus_wid":268}},"drop_3WXLir":{"type":"drop","settings":{"title":"INFO","url":"","open_link":"_self","menu":"explore-dd","icon":"","cus_cl":false,"cl":"#ec0101","lb":"","lb_cl":"#ffbb00","lazy_mn":false,"pos_sub":"bottom-start","cus_wid":268}},"drop_G6D4kf":{"type":"drop","settings":{"title":"CLEARANCE","url":"shopify:\/\/collections\/clearance","open_link":"_self","menu":"","icon":"","cus_cl":true,"cl":"#ffbb00","lb":"","lb_cl":"#ffbb00","lazy_mn":false,"pos_sub":"bottom-start","cus_wid":268}}},"block_order":["70811116-77e4-478a-bdb3-8fbf6a3cf48b","f5abf967-430c-45f1-9401-c3df4da95576","97191ba2-396b-4bc5-81ba-a9b0ae75f2fd","dd855bbb-1a4f-4dec-9a7a-63473aae4db0","d90f7552-a66f-4a5e-9b4f-cf676a944366","drop_L8n6AC","7241a2fb-fba0-4332-8f79-cce6f6c78732","c95da595-d575-450c-a950-615206f85ffa","drop_3WXLir","drop_G6D4kf"],"settings":{"layout":"logo_left","full_header":false,"height":60,"arrow":false,"align":"center","hover":"hover_sideup","enable_active":false,"enable_border_link":false,"h_navmb":60,"bgnav":"#ffffff","opnav":100,"clnav":"#000000","clnav_hover":"#ffbb00","show_border":false,"bd_cl":"#000000","h_icon":"unsen2","h_txt_lable":false,"hover_icon":"2","show_search":true,"show_wis":false,"show_compare":false,"account_des":"1","cart_des":"1","bg_hc":"#000000","cl_hc":"#ffffff","source":"1","custom_html":"<p style=\"display:flex;align-items:center;margin-bottom: 0; color:var(--h-text-color);\"><svg style=\"margin-right:5px;fill:currentColor\" enable-background=\"new 0 0 479.058 479.058\" height=\"20\" viewbox=\"0 0 479.058 479.058\" width=\"20\"><path d=\"m434.146 59.882h-389.234c-24.766 0-44.912 20.146-44.912 44.912v269.47c0 24.766 20.146 44.912 44.912 44.912h389.234c24.766 0 44.912-20.146 44.912-44.912v-269.47c0-24.766-20.146-44.912-44.912-44.912zm0 29.941c2.034 0 3.969.422 5.738 1.159l-200.355 173.649-200.356-173.649c1.769-.736 3.704-1.159 5.738-1.159zm0 299.411h-389.234c-8.26 0-14.971-6.71-14.971-14.971v-251.648l199.778 173.141c2.822 2.441 6.316 3.655 9.81 3.655s6.988-1.213 9.81-3.655l199.778-173.141v251.649c-.001 8.26-6.711 14.97-14.971 14.97z\"><\/path><\/svg> <a class=\"t4s-ct\" href=\"mailto:hello@kikibazaar.com\">hello@kikibazaar.com<\/a><\/p>","sticky_header":true,"scroll_header":true,"bgnavst":"#ffffff","opnavst":100,"clnavst":"#000000","clnavst_hover":"#ffbb00","transparent_header":false,"transparent_collection":false,"transparent_article":false,"space_transparent_header":false,"bgnavtr":"#ffffff","opnavtr":0,"clnavtr":"#ffffff","clnavtr_hover":"#ffbb00","show_border_tr":false,"bd_cl_tr":"#ffbb00","bd_cl_op":13,"fm_nav":"2","fs_nav":14,"fw_nav":300,"ls_nav":0,"sp_nav":30,"pd":",90px,,90px"}},"mega-menu":{"type":"mega-menu","blocks":{"926fb2e5-732d-459f-a8a9-b0d7683bb010":{"type":"mega","settings":{"id":1}},"2e9073e3-6266-4206-adc2-d1bf151b6709":{"type":"link","settings":{"tt_hd":"All Products","use_bd":true,"url":"shopify:\/\/collections\/all","open_link":"_self","menu":"","item_fsize":13,"sp_bettewn_item":20,"col":"3"}},"96612a8b-551c-4d69-9dfc-efb2ff9a3ed0":{"type":"link","settings":{"tt_hd":"TOPBAR & CAMPBAR","use_bd":true,"url":"shopify:\/\/collections\/on-sale","open_link":"_self","menu":"","item_fsize":13,"sp_bettewn_item":20,"col":"3"}},"e8ffbc21-b02a-492c-b775-dee83c5d7965":{"type":"html","settings":{"html":"","page":"demo-short","col":"12"}},"10c36dd8-9579-4b32-9578-0d5ffb00cf32":{"type":"mega","settings":{"id":2}},"8e96a715-4063-4b78-9714-ebcd856bfe8c":{"type":"link","settings":{"tt_hd":"HEADER OPTION","use_bd":true,"url":"","open_link":"_self","menu":"","item_fsize":13,"sp_bettewn_item":20,"col":"3"}},"a4c54021-02c1-4a38-b8d0-49df69581a85":{"type":"link","settings":{"tt_hd":"PORTFOLIO","use_bd":true,"url":"","open_link":"_self","menu":"","item_fsize":13,"sp_bettewn_item":20,"col":"3"}},"fe9fa8f2-acb2-4594-98ac-34b684023811":{"type":"mega","settings":{"id":3}},"50c3af4b-e0cc-415e-a70d-03dc5cbb1616":{"type":"link","settings":{"tt_hd":"SHOP PAGES","use_bd":true,"url":"","open_link":"_self","menu":"","item_fsize":13,"sp_bettewn_item":20,"col":"2"}},"8fcf2d6d-0f71-4cd8-bb5c-bf323840bd1b":{"type":"link","settings":{"tt_hd":"FEATURES","use_bd":true,"url":"","open_link":"_self","menu":"","item_fsize":13,"sp_bettewn_item":20,"col":"2"}},"6765a368-76af-4fc3-97bf-1d4798edc6cd":{"type":"cat_list","settings":{"mg_heading":"HEADING","use_heading":false,"collection_des":"1","collection_list":["cleansing-oil","eye-cream"],"title_fs":16,"title_fw":500,"pri_cl":"#ffffff","second_cl":"#000000","pri_hover_cl":"#000000","second_hover_cl":"#ffffff","content_align":"center","content_pos":"2","space_bottom":15,"space_bottom_mb":10,"content_width":140,"content_height":42,"content_width_mb":100,"content_height_mb":40,"open_link":"_self","item_rd":0,"img_effect":"none","b_effect":"none","image_ratio":"rationt","image_size":"cover","image_position":"8","col_dk":"1","space_h_item":"0","space_v_item":"15","col":"3"}},"4030ceda-2404-4a0f-9f66-f997d016db46":{"type":"pr_loop","settings":{"heading":"TOP RATE","use_bd":true,"collection":"cleansing-oil","image_ratio":"ratio1_1","image_size":"cover","image_position":"8","limit":4,"space_v_item":"30","col":"5"}},"c7c18a38-8c7c-48b6-b072-54ae524dd26f":{"type":"mega","settings":{"id":4}},"94326d23-02b9-4d12-bcba-a20f975d317e":{"type":"link","settings":{"tt_hd":"PRODUCT LAYOUT","use_bd":true,"url":"","open_link":"_self","menu":"","item_fsize":13,"sp_bettewn_item":20,"col":"3"}},"34c5a608-2150-4270-87ef-7397b8cb67ff":{"type":"link","settings":{"tt_hd":"PRoduct Details","use_bd":true,"url":"","open_link":"_self","menu":"","item_fsize":13,"sp_bettewn_item":20,"col":"3"}},"62f2f1f9-7c03-4473-81bb-b5c4b4bf4513":{"type":"link","settings":{"tt_hd":"PRODUCT SWATCH","use_bd":true,"url":"","open_link":"_self","menu":"","item_fsize":13,"sp_bettewn_item":20,"col":"3"}},"a98310df-d436-4f3d-bf5b-e5e231777cb8":{"type":"link","settings":{"tt_hd":"PRODUCT FEATURES","use_bd":true,"url":"","open_link":"_self","menu":"","item_fsize":13,"sp_bettewn_item":20,"col":"3"}},"a9dd9f98-b46f-4e8d-bd6b-7ae3785ed104":{"type":"mega","settings":{"id":5}},"cd9b0746-4c44-4d25-b4cb-6ac8419f69fe":{"type":"link","settings":{"tt_hd":"Blog Style","use_bd":true,"url":"","open_link":"_self","menu":"","item_fsize":13,"sp_bettewn_item":20,"col":"2"}},"6662331f-5bad-4833-a231-333460f7b959":{"type":"link","settings":{"tt_hd":"SINGLE POST","use_bd":true,"url":"","open_link":"_self","menu":"","item_fsize":13,"sp_bettewn_item":20,"col":"3"}},"1a6057a6-dada-44ab-93d9-24afc4bca54f":{"type":"blogs","settings":{"blog":"cosmetic","show_border":true,"post_des":"3","show_blog_title":"blog_tags","show_content":false,"show_tags":false,"show_author":true,"show_comment":true,"show_readmore":false,"show_date":false,"date":"%b %d","content_align":"start","limit":8,"img_effect":"none","b_effect":"none","image_ratio":"ratioadapt","image_size":"cover","image_position":"8","col_dk":"2","space_h_item":"30","space_v_item":"30","layout_des":"2","nav_btn":true,"btn_vi":"always","btn_pos":"out","btn_owl":"default","btn_shape":"none","btn_cl":"light","btn_size":"small","btn_hidden_mobile":true,"col":"7"}}},"block_order":["926fb2e5-732d-459f-a8a9-b0d7683bb010","2e9073e3-6266-4206-adc2-d1bf151b6709","96612a8b-551c-4d69-9dfc-efb2ff9a3ed0","e8ffbc21-b02a-492c-b775-dee83c5d7965","10c36dd8-9579-4b32-9578-0d5ffb00cf32","8e96a715-4063-4b78-9714-ebcd856bfe8c","a4c54021-02c1-4a38-b8d0-49df69581a85","fe9fa8f2-acb2-4594-98ac-34b684023811","50c3af4b-e0cc-415e-a70d-03dc5cbb1616","8fcf2d6d-0f71-4cd8-bb5c-bf323840bd1b","6765a368-76af-4fc3-97bf-1d4798edc6cd","4030ceda-2404-4a0f-9f66-f997d016db46","c7c18a38-8c7c-48b6-b072-54ae524dd26f","94326d23-02b9-4d12-bcba-a20f975d317e","34c5a608-2150-4270-87ef-7397b8cb67ff","62f2f1f9-7c03-4473-81bb-b5c4b4bf4513","a98310df-d436-4f3d-bf5b-e5e231777cb8","a9dd9f98-b46f-4e8d-bd6b-7ae3785ed104","cd9b0746-4c44-4d25-b4cb-6ac8419f69fe","6662331f-5bad-4833-a231-333460f7b959","1a6057a6-dada-44ab-93d9-24afc4bca54f"],"settings":{}},"footer":{"type":"footer","blocks":{"5c6beafc-ddea-4423-bfee-f0197c676e58":{"type":"bl_col","settings":{"col_heading":"","col_border":false,"menu":"","menu_style":"default","space_item":10,"space_item_tb":10,"space_item_mb":10,"col_dk":"6","col_dk_w":"33.33333","col_tb":"10","col_dk_w_tb":"33.33333","col_mb":"12","content_align":"t4s-text-lg-start","padding_inner":",8.33%,,","content_align_tb":"t4s-text-md-start","padding_inner_tb":"","col_heading_mobile":"","content_align_mb":"t4s-text-start","padding_inner_mb":""}},"cae42b00-fa13-4f6b-89cb-6b6b584c09aa":{"type":"custom_text","settings":{"text":"Stay up to date with Kiki.","remove_br_tag":false,"tag":"p","fontf":"1","text_cl":"#ffbb00","text_fs":30,"text_lh":40,"text_fw":400,"text_ls":0,"font_italic":false,"text_shadow":false,"mgb":7,"text_fs_tb":26,"text_lh_tb":30,"text_ls_tb":0,"mgb_tb":10,"hidden_mobile":false,"text_fs_mb":26,"text_lh_mb":0,"text_ls_mb":0,"mgb_mb":10}},"fcb463a0-e0c8-47a6-938a-06b379f088fd":{"type":"custom_text","settings":{"text":"Get 10% off when you sign up","remove_br_tag":false,"tag":"p","fontf":"inherit","text_cl":"#e6e6e6","text_fs":18,"text_lh":30,"text_fw":400,"text_ls":0,"font_italic":false,"text_shadow":false,"mgb":15,"text_fs_tb":16,"text_lh_tb":0,"text_ls_tb":0,"mgb_tb":10,"hidden_mobile":false,"text_fs_mb":16,"text_lh_mb":30,"text_ls_mb":0,"mgb_mb":10}},"80faa4f1-70b0-4237-9666-01bd08601ce1":{"type":"newsletter","disabled":true,"settings":{"newl_des":"2","custom_width":true,"form_width":500,"form_width_tb":500,"form_width_mb":350,"newl_size":"large","source_btn":"text","news_icon":"plane","input_cl":"#868686","btn_cl":"#ffffff","btn_hover_cl":"#ffbb00","border_cl":"#ffffff","mgb":40,"mgb_tb":30,"mgb_mb":30}},"63eed790-9396-44b2-afbc-2544bef40f85":{"type":"cus_socials","disabled":true,"settings":{"title":"","social_mode":"1","social_style":"outline","social_size":"large","bd_radius":30,"use_color_set":true,"pri_cl":"#ffbb00","pri_hover_cl":"#868686","space_h_item":"10","space_v_item":"5","space_h_item_mb":"8","space_v_item_mb":"4"}},"cd71528c-2a8b-4bda-a681-e50fd6c89e9e":{"type":"bl_col","settings":{"col_heading":"SHOP ALL","col_border":false,"menu":"main-menu","menu_style":"default","space_item":10,"space_item_tb":10,"space_item_mb":10,"col_dk":"2","col_dk_w":"33.33333","col_tb":"4","col_dk_w_tb":"33.33333","col_mb":"12","content_align":"t4s-text-lg-start","padding_inner":"3px,,,","content_align_tb":"t4s-text-md-start","padding_inner_tb":"3px,,,","col_heading_mobile":"","content_align_mb":"t4s-text-start","padding_inner_mb":"0"}},"427b8062-6bfd-4a6a-bf25-39eaa55726be":{"type":"bl_col","settings":{"col_heading":"ABOUT US","col_border":false,"menu":"footer-about-us","menu_style":"default","space_item":10,"space_item_tb":10,"space_item_mb":10,"col_dk":"2","col_dk_w":"33.33333","col_tb":"4","col_dk_w_tb":"33.33333","col_mb":"12","content_align":"t4s-text-lg-start","padding_inner":"","content_align_tb":"t4s-text-md-start","padding_inner_tb":"","col_heading_mobile":"GET IN TOUCH","content_align_mb":"t4s-text-start","padding_inner_mb":"0"}},"a164c3e1-b98d-498f-b30a-08e03d4fc2e5":{"type":"bl_col","settings":{"col_heading":"CUSTOMER CARE","col_border":false,"menu":"footer","menu_style":"default","space_item":10,"space_item_tb":10,"space_item_mb":10,"col_dk":"2","col_dk_w":"33.33333","col_tb":"4","col_dk_w_tb":"33.33333","col_mb":"12","content_align":"t4s-text-lg-start","padding_inner":"3px,,,","content_align_tb":"t4s-text-md-start","padding_inner_tb":"3px,,,","col_heading_mobile":"","content_align_mb":"t4s-text-start","padding_inner_mb":"0"}}},"block_order":["5c6beafc-ddea-4423-bfee-f0197c676e58","cae42b00-fa13-4f6b-89cb-6b6b584c09aa","fcb463a0-e0c8-47a6-938a-06b379f088fd","80faa4f1-70b0-4237-9666-01bd08601ce1","63eed790-9396-44b2-afbc-2544bef40f85","cd71528c-2a8b-4bda-a681-e50fd6c89e9e","427b8062-6bfd-4a6a-bf25-39eaa55726be","a164c3e1-b98d-498f-b30a-08e03d4fc2e5"],"settings":{"hidden_footer":false,"sticky":false,"collapse":true,"align_vertical":false,"border_top":false,"border_pos":"in","space_h_item":"30","space_v_item":"30","space_h_item_tb":"30","space_v_item_tb":"30","space_h_item_mb":"10","space_v_item_mb":"30","space_between":false,"heading_des":"2","heading_fontf":"3","heading_fs":13,"heading_lh":20,"heading_fw":300,"heading_ls":0,"mgb":18,"mgb_tb":30,"mgb_mb":20,"text_fs":13,"text_fw":400,"heading_cl":"#ffffff","text_cl":"#868686","link_cl":"#ffbb00","link_hover_cl":"#868686","border_cl":"#e6e6e6","layout":"t4s-container-wrap","cl_bg":"#0b2d14","cl_bg_gradient":"","mg":"","pd":"50px,,48px,20px","mg_tb":"","pd_tb":"38px,,52px","mg_mb":"","pd_mb":"20px,20px,20px,10px"}},"mb_nav":{"type":"mb_nav","blocks":{"menu_Nm9HtV":{"type":"menu","settings":{"title":"Sale 30-50% Off","url":"shopify:\/\/collections\/clearance","open_link":"_self","menu":"","lb":"","lb_cl":"","icons_op":"2","icon":""}},"mb_nav-0":{"type":"menu","settings":{"title":"Collections","url":"shopify:\/\/collections","open_link":"_self","menu":"","lb":"","lb_cl":"","icons_op":"2","icon":""}},"mb_nav-1":{"type":"menu","settings":{"title":"Products","url":"shopify:\/\/collections\/all","open_link":"_self","menu":"","lb":"","lb_cl":"","icons_op":"2","icon":""}},"d945be9a-0c90-4996-9b02-67de5fd423ba":{"type":"menu","settings":{"title":"Contact Us","url":"shopify:\/\/pages\/contact","open_link":"_self","menu":"","lb":"","lb_cl":"","icons_op":"2","icon":""}},"a830a05e-f52d-468f-8aa8-64b1613d6a88":{"type":"menu","settings":{"title":"About Us","url":"shopify:\/\/pages\/about-us","open_link":"_self","menu":"","lb":"","lb_cl":"","icons_op":"2","icon":""}},"fd850a46-c554-4bb9-bc53-4ab90833fec8":{"type":"menu","settings":{"title":"Ethos","url":"shopify:\/\/pages\/ethos","open_link":"_self","menu":"","lb":"","lb_cl":"","icons_op":"2","icon":""}},"mb_nav-2":{"type":"menu","settings":{"title":"Press","url":"shopify:\/\/pages\/press","open_link":"_self","menu":"","lb":"","lb_cl":"","icons_op":"2","icon":""}},"menu_3e8CyF":{"type":"menu","settings":{"title":"Gifting","url":"https:\/\/kikibazaar.com\/collections\/gift-ideas-gifting","open_link":"_self","menu":"","lb":"","lb_cl":"","icons_op":"2","icon":""}},"261ea041-caa3-4ded-8ae9-ef1178c7c4e3":{"type":"menu","disabled":true,"settings":{"title":"News","url":"shopify:\/\/blogs\/news","open_link":"_self","menu":"","lb":"","lb_cl":"","icons_op":"2","icon":""}},"mb_nav-3":{"type":"menu","disabled":true,"settings":{"title":"Maker Stories","url":"shopify:\/\/blogs\/maker-stories","open_link":"_self","menu":"","lb":"","lb_cl":"","icons_op":"2","icon":""}},"ae632f75-29eb-4e03-ade6-6887abca3eb9":{"type":"menu","settings":{"title":"Customer Care","url":"","open_link":"_self","menu":"footer","lb":"","lb_cl":"","icons_op":"2","icon":""}},"mb_nav-4":{"type":"wis","disabled":true,"settings":{}},"mb_nav-5":{"type":"sea","settings":{}},"mb_nav-6":{"type":"acc","settings":{}},"mb_nav-7":{"type":"help","disabled":true,"settings":{"title":"Need help?","text":"<i class=\"pegk pe-7s-call fwb mr__10\"><\/i><br><i class=\"pegk pe-7s-mail fwb mr__10\"><\/i><a class=\"cg\" href=\"mailto:hello@kikibazaar.com\">hello@kikibazaar.com<\/a>"}},"mb_nav-8":{"type":"lang","disabled":true,"settings":{}},"mb_nav-9":{"type":"cur","disabled":true,"settings":{}},"ba36126e-befd-4d89-a335-48671bbe34fb":{"type":"menu","disabled":true,"settings":{"title":"Watch","url":"","open_link":"_self","menu":"","lb":"","lb_cl":"","icons_op":"2","icon":""}}},"block_order":["menu_Nm9HtV","mb_nav-0","mb_nav-1","d945be9a-0c90-4996-9b02-67de5fd423ba","a830a05e-f52d-468f-8aa8-64b1613d6a88","fd850a46-c554-4bb9-bc53-4ab90833fec8","mb_nav-2","menu_3e8CyF","261ea041-caa3-4ded-8ae9-ef1178c7c4e3","mb_nav-3","ae632f75-29eb-4e03-ade6-6887abca3eb9","mb_nav-4","mb_nav-5","mb_nav-6","mb_nav-7","mb_nav-8","mb_nav-9","ba36126e-befd-4d89-a335-48671bbe34fb"],"settings":{}},"mb_cat":{"type":"mb_cat","blocks":{"cat_XqwaHF":{"type":"cat","settings":{"cat":"","title":"Home","url":"https:\/\/kikibazaar.com\/","menu":"","lb":"","lb_cl":"#e91e63","icons_op":"2","icon":""}},"9df7d77e-4468-4cf1-984d-4b0430bafc67":{"type":"cat","settings":{"cat":"clearance","title":"Sale - Up to 50% Off","url":"shopify:\/\/collections\/clearance","menu":"","lb":"","lb_cl":"#e91e63","icons_op":"0","icon":"las la-chair"}},"cat_TecMRB":{"type":"cat","settings":{"cat":"prints-wall-art","title":"Art Prints","url":"","menu":"","lb":"","lb_cl":"#e91e63","icons_op":"0","icon":"las la-chair"}},"f03a2313-84f9-4ce7-af4d-0a2ec38cb860":{"type":"cat","settings":{"cat":"sarongs-pareos","title":"Sarongs","url":"","menu":"","lb":"","lb_cl":"#e91e63","icons_op":"0","icon":"las la-female"}},"cat_atRLFy":{"type":"cat","settings":{"cat":"woven-fans-wall-art","title":"Fans & Wall Art","url":"shopify:\/\/collections\/woven-fans-wall-art","menu":"","lb":"","lb_cl":"#e91e63","icons_op":"0","icon":"las la-chair"}},"fa40a3db-1d38-4603-811d-f00f40a9c4fb":{"type":"cat","settings":{"cat":"jugs-vases","title":"Jugs & Vases","url":"","menu":"","lb":"","lb_cl":"#e91e63","icons_op":"0","icon":"las la-shopping-bag"}},"57ab1b3d-0301-41bf-b50c-46a767fe2623":{"type":"cat","settings":{"cat":"gift-ideas-gifting","title":"Gift ideas","url":"","menu":"","lb":"","lb_cl":"#e91e63","icons_op":"0","icon":"las la-chair"}},"cc4f8bf3-b555-4ec8-abbf-0550baab0110":{"type":"cat","settings":{"cat":"bags-baskets","title":"Bags & Baskets","url":"","menu":"","lb":"","lb_cl":"#e91e63","icons_op":"0","icon":"las la-glasses"}},"5161bece-1f47-47e4-b9c0-f96d1125cb7b":{"type":"cat","settings":{"cat":"pottery-ceramics","title":"Ceramics & Pottery","url":"","menu":"","lb":"","lb_cl":"#e91e63","icons_op":"0","icon":"las la-tshirt"}},"a7417cbd-5494-47f5-939f-846413f93756":{"type":"cat","settings":{"cat":"beach-outdoor","title":"Beach & Outdoor","url":"","menu":"","lb":"","lb_cl":"#e91e63","icons_op":"0","icon":"las la-clock"}},"f4a35f80-4e7d-4014-adbc-7b2fd7858b92":{"type":"cat","settings":{"cat":"blankets-throws","title":"Blankets & Throws","url":"","menu":"","lb":"","lb_cl":"#e91e63","icons_op":"0","icon":"las la-male"}},"cat_RKrUM3":{"type":"cat","settings":{"cat":"cups-mugs","title":"Coffee Cups & Mugs","url":"","menu":"","lb":"","lb_cl":"#e91e63","icons_op":"0","icon":"las la-tshirt"}},"105ae66a-c868-49af-8eaa-f2da5085f0e3":{"type":"cat","settings":{"cat":"rugs-mats","title":"Rugs, Mats & Runners","url":"","menu":"","lb":"","lb_cl":"#e91e63","icons_op":"0","icon":"las la-camera-retro"}},"fe524c56-a932-4522-b6e2-31619733c275":{"type":"cat","settings":{"cat":"table-linen","title":"Table Linen","url":"shopify:\/\/collections\/table-linen","menu":"","lb":"","lb_cl":"#e91e63","icons_op":"0","icon":"las la-chair"}},"cat_FFtr3t":{"type":"cat","settings":{"cat":"splatterware","title":"","url":"","menu":"","lb":"","lb_cl":"#e91e63","icons_op":"2","icon":""}},"4bf23bfd-b1a6-480a-b5df-216c60615774":{"type":"cat","settings":{"cat":"lighting","title":"Lighting","url":"","menu":"","lb":"","lb_cl":"#e91e63","icons_op":"0","icon":"las la-gem"}},"cat_VdkHWA":{"type":"cat","settings":{"cat":"jewellery","title":"Jewellery","url":"","menu":"","lb":"","lb_cl":"#e91e63","icons_op":"0","image":"shopify:\/\/shop_images\/IMG_9969Medium.jpg","icon":"las la-chair"}},"3de6db21-79e9-41b8-a318-a92371cda9fc":{"type":"cat","settings":{"cat":"cushions","title":"Cushions","url":"","menu":"","lb":"","lb_cl":"#e91e63","icons_op":"0","icon":"las la-shoe-prints"}}},"block_order":["cat_XqwaHF","9df7d77e-4468-4cf1-984d-4b0430bafc67","cat_TecMRB","f03a2313-84f9-4ce7-af4d-0a2ec38cb860","cat_atRLFy","fa40a3db-1d38-4603-811d-f00f40a9c4fb","57ab1b3d-0301-41bf-b50c-46a767fe2623","cc4f8bf3-b555-4ec8-abbf-0550baab0110","5161bece-1f47-47e4-b9c0-f96d1125cb7b","a7417cbd-5494-47f5-939f-846413f93756","f4a35f80-4e7d-4014-adbc-7b2fd7858b92","cat_RKrUM3","105ae66a-c868-49af-8eaa-f2da5085f0e3","fe524c56-a932-4522-b6e2-31619733c275","cat_FFtr3t","4bf23bfd-b1a6-480a-b5df-216c60615774","cat_VdkHWA","3de6db21-79e9-41b8-a318-a92371cda9fc"],"settings":{"title":""}},"mini_cart":{"type":"mini_cart","blocks":{"e7dae4b0-f550-41f7-9d5d-2c3e84fa8392":{"type":"price","settings":{}},"4eba60c1-01d2-4001-aadb-a931f7ad22d0":{"type":"tax","disabled":true,"settings":{}},"9bf26278-557d-4928-bd42-5f3a25e778e6":{"type":"agree","disabled":true,"settings":{}},"fdebd88b-e505-4ab0-91e7-134d335d3487":{"type":"img","settings":{}},"01676ee6-d19f-4798-b392-275f9a0be821":{"type":"group_btns","settings":{"btn_viewcart":true,"btn_checkout":true,"btn_icon":false,"btn_inline":true,"cart_button_style":"outline","cart_btn_cl":"dark","cart_button_effect":"default","button_style":"default","btn_cl":"dark","button_effect":"default"}},"c7bc461d-6171-4edf-bd73-05879a52216f":{"type":"btn","settings":{"title":"Return To Shop","url":"shopify:\/\/collections"}}},"block_order":["e7dae4b0-f550-41f7-9d5d-2c3e84fa8392","4eba60c1-01d2-4001-aadb-a931f7ad22d0","9bf26278-557d-4928-bd42-5f3a25e778e6","fdebd88b-e505-4ab0-91e7-134d335d3487","01676ee6-d19f-4798-b392-275f9a0be821","c7bc461d-6171-4edf-bd73-05879a52216f"],"settings":{"tabs_list":"best_seller, wishlist, visited, cart","product_list":["adilette-slide-sandal","adilette-slide-sandal-colorful","bella-tie-shoulder-cami","bella-tie-shoulder-cami-multi-colors","butterfly-charm-hoop-earrings","cargo-pants-with-front-pocket","carrie-bleached-unique-jeans","color-block-bucket-hat","denim-jacket-sun-bleached"],"style":"1","pos":"2","enable_pr":true,"enable_calc_ship":true,"enable_note":true,"enable_rates":true,"enable_discount":true,"enable_gift_wrap":true,"ship_df_country":"New Zealand"}},"main-qv":{"type":"main-qv","blocks":{"623b56c2-9db4-4583-af8e-16c4d0aebc75":{"type":"review","settings":{"rating":true,"review_liquid":""}},"d22dd7ca-081e-4d8b-b2a8-e283a0fcbf93":{"type":"title","settings":{"txt_tr_pr":"none","fnt_df_pr":"1","size_pr":16,"fw_pr":600,"lh_pr":0,"ls_pr":0,"pr_title_color":"#222222","pr_title_hover_color":"#0ec1ae"}},"412e0c70-8fad-4610-a9d0-cc5e41c4df10":{"type":"price","settings":{"price":"0","type_sale":"0","tax_ship":false,"size_price_pr":21,"fw_price_pr":400,"primary_price_color":"#000000","secondary_price_color":"#868686","price_sale":"#fa0000"}},"7e55244f-df35-420e-bc36-9f669d93819c":{"type":"line","settings":{"color_line":"#e9e9e9","height_line":1,"space_tb":10,"space_tb_mb":10}},"b669ef65-b08e-4965-9208-dfcc79c6ce40":{"type":"description","settings":{"des":"2","text":"","length":31}},"5f57d4e6-0adc-4632-9cd6-a758d347d1a0":{"type":"form","settings":{"selector_mode":"block","color_mode":"color","enable_fit_ratio_img":false,"color_size":"medium","show_qty":true,"enable_wishlist":true,"enable_compare":true,"btn_atc_full":true,"pr_btn_round":0,"wis_cp_btn_round":40,"ani":"none","time":6,"btn_txt":"3","btn_icon":false,"button_style":"default","button_color":"dark","button_effect":"fade","wishlist_color":"#000000","wishlist_color_hover":"#0ec1ae","wishlist_color_active":"#e81e1e","compare_color":"#000000","compare_color_hover":"#0ec1ae","show_dynamic_checkout":false,"btn_txt2":"3","button_color_payment":"dark","product_list":[],"show_product_current":true,"show_text_price":true,"qty_val":"0","advance_label":"Choose style","advance_pr_list":[]}},"237b9e03-0732-4c48-b49b-07702d8d2829":{"type":"view_details","settings":{"btn_icon":true}}},"block_order":["623b56c2-9db4-4583-af8e-16c4d0aebc75","d22dd7ca-081e-4d8b-b2a8-e283a0fcbf93","412e0c70-8fad-4610-a9d0-cc5e41c4df10","7e55244f-df35-420e-bc36-9f669d93819c","b669ef65-b08e-4965-9208-dfcc79c6ce40","5f57d4e6-0adc-4632-9cd6-a758d347d1a0","237b9e03-0732-4c48-b49b-07702d8d2829"],"settings":{"demo_pr":"","image_ratio":"ratioadapt","image_size":"cover","image_position":"8","enable_video_looping":false,"enable_video_muting":true,"enable_video_autoplaying":true,"eff":"fade","nav_btn":true,"btn_vi":"always","btn_owl":"outline","btn_shape":"round","btn_cl":"dark","btn_size":"small","btn_hidden_mobile":false,"nav_dot":false,"dot_owl":"default","dots_cl":"dark","dots_round":true,"dots_space":10,"dots_hidden_mobile":false}},"main-qs":{"type":"main-qs","blocks":{"bf3f64d4-f197-4e73-969b-57c90cc91c20":{"type":"item_loop","settings":{}},"49b4763b-b659-4141-a180-4d13718d726f":{"type":"form","settings":{"selector_mode":"block","color_mode":"color","enable_fit_ratio_img":false,"color_size":"medium","show_qty":true,"btn_atc_full":true,"pr_btn_round":0,"ani":"none","time":6,"btn_txt":"3","btn_icon":false,"button_style":"default","button_color":"dark","button_effect":"fade","show_dynamic_checkout":false,"btn_txt2":"3","button_color_payment":"dark"}},"1eb54476-c69a-4ab3-960c-41c03b0cea88":{"type":"view_details","settings":{"btn_icon":true}}},"block_order":["bf3f64d4-f197-4e73-969b-57c90cc91c20","49b4763b-b659-4141-a180-4d13718d726f","1eb54476-c69a-4ab3-960c-41c03b0cea88"],"settings":{"demo_pr":""}},"login-sidebar":{"type":"login-sidebar","settings":{}},"toolbar_mobile":{"type":"toolbar_mobile","blocks":{"363a442e-2da6-4d11-8264-daebc8ef1674":{"type":"home","disabled":true,"settings":{"title":"Home"}},"9c8f0417-348e-4388-9d59-c28103a48372":{"type":"nav","disabled":true,"settings":{"title":"Menu"}},"1f858a68-eafb-42bc-9705-e741dd538622":{"type":"search","disabled":true,"settings":{"title":"Search"}},"c243ff5d-c00d-4af1-a110-d74a4cdb8a74":{"type":"shop","disabled":true,"settings":{"title":"Shop","link":""}},"ea5e77c0-b7d2-4249-8427-6f2432b3bf99":{"type":"account","disabled":true,"settings":{"title":"Account"}},"d7e81cd1-b0f0-4abc-a857-30f2491a64d7":{"type":"wish","disabled":true,"settings":{"title":"Wishlist"}}},"block_order":["363a442e-2da6-4d11-8264-daebc8ef1674","9c8f0417-348e-4388-9d59-c28103a48372","1f858a68-eafb-42bc-9705-e741dd538622","c243ff5d-c00d-4af1-a110-d74a4cdb8a74","ea5e77c0-b7d2-4249-8427-6f2432b3bf99","d7e81cd1-b0f0-4abc-a857-30f2491a64d7"],"settings":{"enable_toolbar":true,"show_txt":true,"bg_color":"#ffffff","icon_color":"#222222","label_color":"#222222","count_bg_color":"#000000","count_text_color":"#ffffff"}},"back_top":{"type":"back_top","settings":{"enable_backtop":true,"enable_hidden_mobile":false,"btn_radius":50,"enable_progress_bar":false,"border_cl":"#f5f5f5","border_cl_active":"#000000"}},"popups":{"type":"popups","blocks":{"ea0486e6-cd4f-4182-9cdf-fa07c8271437":{"type":"newsletter","settings":{"heading":"Get 10% off your first purchase","sub_heading":"Discount code sent via email. Limit of one use per customer","txt":"","btn_ck":true,"txt2":"DON'T SHOW ME THIS","newl_des":"4","newl_size":"medium","source_btn":"text","news_icon":"plane","input_cl":"#868686","btn_cl":"#000000","btn_hover_cl":"#000000","border_cl":"#e6e6e6","image":"shopify:\/\/shop_images\/10-Percent-Off-First-Order-KikiBazaar.png","news_layout":"1","mb":true,"index":true,"product":true,"collection":false,"article":false,"blog":false,"cart":false,"page":false,"number_pages":0,"version":"1","day_next":7,"after":"time","time_delay":30,"scroll_delay":5000}}},"block_order":["ea0486e6-cd4f-4182-9cdf-fa07c8271437"],"settings":{}},"pr_item_config":{"type":"pr_item_config","blocks":{"c305127c-7c8a-4e05-a68c-487eff973911":{"type":"1","settings":{"heading":"Product design 01","addtocart_color":"#ffffff","addtocart_color_hover":"#000000","quickview_color":"#ffffff","quickview_color_hover":"#000000","wishlist_color":"#ffffff","wishlist_color_hover":"#000000","wishlist_color_active":"#e33131","compare_color":"#ffffff","compare_color_hover":"#000000","size_list_color":"#ffffff","size_list_color_info":"#000000","hidden_atc_mb":false,"hidden_qv_mb":false,"hidden_wishlist_mb":false,"hidden_compare_mb":false,"hidden_pr_colors":false,"hidden_pr_sizes":false,"hidden_pr_countdown":false}},"6db4fcec-6ce4-4378-8e67-ad1d7620ddcf":{"type":"2","settings":{"heading":"Product design 02","addtocart_color":"#ffffff","addtocart_color_hover":"#000000","quickview_color":"#ffffff","quickview_color_hover":"#000000","wishlist_color":"#000000","wishlist_color_hover":"#000000","wishlist_color_active":"#e33131","compare_color":"#ffffff","compare_color_hover":"#000000","size_list_color":"#000000","size_list_color_info":"#000000","hidden_atc_mb":false,"hidden_qv_mb":false,"hidden_wishlist_mb":false,"hidden_compare_mb":false,"hidden_pr_colors":false,"hidden_pr_sizes":false,"hidden_pr_countdown":false}},"c19205c4-f8e9-4d22-ab5a-b60eadf7e601":{"type":"3","settings":{"heading":"Product design 03","addtocart_color":"#ffffff","addtocart_color_hover":"#000000","quickview_color":"#ffffff","quickview_color_hover":"#000000","wishlist_color":"#ffffff","wishlist_color_hover":"#000000","wishlist_color_active":"#e33131","compare_color":"#ffffff","compare_color_hover":"#000000","size_list_color":"#ffffff","size_list_color_info":"#000000","hidden_atc_mb":false,"hidden_qv_mb":false,"hidden_wishlist_mb":false,"hidden_compare_mb":false,"hidden_pr_colors":false,"hidden_pr_sizes":false,"hidden_pr_countdown":false}},"cab79898-7bad-4da7-9bda-1a58ee78a8f1":{"type":"4","settings":{"heading":"Product design 04","addtocart_color":"#ffffff","addtocart_color_hover":"#000000","quickview_color":"#ffffff","quickview_color_hover":"#000000","wishlist_color":"#ffffff","wishlist_color_hover":"#000000","wishlist_color_active":"#e33131","compare_color":"#ffffff","compare_color_hover":"#000000","size_list_color":"#ffffff","size_list_color_info":"#000000","hidden_atc_mb":false,"hidden_qv_mb":false,"hidden_wishlist_mb":false,"hidden_compare_mb":false,"hidden_pr_colors":false,"hidden_pr_sizes":false,"hidden_pr_countdown":false}},"c14f2d7e-0cab-40ed-96a7-1e0eb2531c35":{"type":"5","settings":{"heading":"Product design 05","pr_title_color":"#ffffff","pr_title_color_hover":"#0ec1ae","price_color":"#ffffff","price_sale_color":"#e33131","vendors_color":"#ffffff","vendors_color_hover":"#0ec1ae","addtocart_color":"#ffffff","addtocart_color_hover":"#000000","quickview_color":"#ffffff","quickview_color_hover":"#000000","wishlist_color":"#ffffff","wishlist_color_hover":"#000000","wishlist_color_active":"#e33131","compare_color":"#ffffff","compare_color_hover":"#000000","size_list_color":"#ffffff","size_list_color_info":"#000000","hidden_atc_mb":false,"hidden_qv_mb":false,"hidden_wishlist_mb":false,"hidden_compare_mb":false,"hidden_pr_colors":false,"hidden_pr_sizes":false,"hidden_pr_countdown":false}},"bf2860c1-d2ab-4b8c-926c-d9c5c2cbe99e":{"type":"list","settings":{"heading":"Product list","content_color":"#878787","addtocart_color":"#0ec1ae","addtocart_color_hover":"#000000","quickview_color":"#ffffff","quickview_color_hover":"#0ec1ae","wishlist_color":"#ffffff","wishlist_color_hover":"#000000","wishlist_color_active":"#e33131","compare_color":"#ffffff","compare_color_hover":"#000000","size_list_color":"#ffffff","size_list_color_info":"#000000","hidden_atc_mb":false,"hidden_qv_mb":false,"hidden_wishlist_mb":false,"hidden_compare_mb":false,"hidden_pr_colors":false,"hidden_pr_sizes":false,"hidden_pr_countdown":false}},"a988071f-aa7d-4814-a689-81779aae617e":{"type":"packery","settings":{"heading":"Product packery","pr_title_color":"#ffffff","pr_title_color_hover":"#0ec1ae","price_color":"#ffffff","price_sale_color":"#e33131","vendors_color":"#ffffff","vendors_color_hover":"#0ec1ae","addtocart_color":"#ffffff","addtocart_color_hover":"#000000","quickview_color":"#ffffff","quickview_color_hover":"#000000","wishlist_color":"#ffffff","wishlist_color_hover":"#000000","wishlist_color_active":"#e33131","compare_color":"#ffffff","compare_color_hover":"#000000","size_list_color":"#ffffff","size_list_color_info":"#000000","hidden_atc_mb":false,"hidden_qv_mb":false,"hidden_wishlist_mb":false,"hidden_compare_mb":false,"hidden_pr_colors":false,"hidden_pr_sizes":false,"hidden_pr_countdown":false}},"e8707210-68be-4758-bc5b-1b31da65e12d":{"type":"packery2","settings":{"heading":"Product packery 02","addtocart_color":"#ffffff","addtocart_color_hover":"#000000","quickview_color":"#ffffff","quickview_color_hover":"#000000","wishlist_color":"#ffffff","wishlist_color_hover":"#000000","wishlist_color_active":"#e33131","compare_color":"#ffffff","compare_color_hover":"#000000","size_list_color":"#ffffff","size_list_color_info":"#000000","hidden_atc_mb":false,"hidden_qv_mb":false,"hidden_wishlist_mb":false,"hidden_compare_mb":false,"hidden_pr_colors":false,"hidden_pr_sizes":false,"hidden_pr_countdown":false}}},"block_order":["c305127c-7c8a-4e05-a68c-487eff973911","6db4fcec-6ce4-4378-8e67-ad1d7620ddcf","c19205c4-f8e9-4d22-ab5a-b60eadf7e601","cab79898-7bad-4da7-9bda-1a58ee78a8f1","c14f2d7e-0cab-40ed-96a7-1e0eb2531c35","bf2860c1-d2ab-4b8c-926c-d9c5c2cbe99e","a988071f-aa7d-4814-a689-81779aae617e","e8707210-68be-4758-bc5b-1b31da65e12d"],"settings":{"txt_tr_pr":"none","fnt_df_pr":"1","size_pr":14,"fw_pr":400,"lh_pr":17.5,"ls_pr":0,"size_price_pr":14,"fw_price_pr":400,"space_img_content":15,"space_elements":5,"swatch_color_size":15,"swatch_color_size_mb":15,"pr_btn_round":40,"pr_title_color":"#000000","pr_title_color_hover":"#0ec1ae","price_color":"#696969","price_sale_color":"#e33131","vendors_color":"#878787","vendors_color_hover":"#0ec1ae","wishlist_color_active":"#ea4343","countdown_color":"#ffffff","countdown_overlay":20,"pr_bg_overlay":"#000000","pr_overlay":20}},"title_config":{"type":"title_config","blocks":{"title_config-0":{"type":"title","settings":{"color":"#000000","family":"2","size":32,"weight":400,"lh":0,"ls":0,"space":16,"size_tb":30,"lh_tb":0,"ls_tb":0,"space_tb":16,"size_mb":24,"lh_mb":0,"ls_mb":0,"space_mb":15}},"title_config-1":{"type":"subtitle","settings":{"italic":false,"color":"#868686","family":"2","size":14,"weight":400,"lh":24,"ls":0,"space":30,"size_tb":14,"lh_tb":24,"ls_tb":0,"space_tb":20,"size_mb":14,"lh_mb":24,"ls_mb":0,"space_mb":0}}},"block_order":["title_config-0","title_config-1"],"settings":{"design_heading":"1","heading_center":true,"top_heading":"Top heading","top_subheading":"","highlight":"#222222","tophead_mb":30,"tophead_mb_tb":30,"tophead_mb_mb":25}},"btn_config":{"type":"btn_config","blocks":{"btn_config-0":{"type":"custom1","settings":{"color_primary":"#ffb100","color_second":"#ffffff","color_primary_hover":"#ff4e00","color_second_hover":"#ffffff"}},"btn_config-1":{"type":"custom2","settings":{"color_primary":"#27ae60","color_second":"#ffffff","color_primary_hover":"#0048ff","color_second_hover":"#ffffff"}},"27c889f8-dc53-4c6c-b537-0037a2de02e1":{"type":"1","settings":{"fontf":"--font-family-1","border_w":1,"fsbutton":14,"fwbutton":400,"button_ls":0,"button_mh":42,"button_pd_lr":35,"fsbutton_tb":14,"button_mh_tb":40,"button_pd_lr_tb":30,"button_ls_tb":0,"fsbutton_mb":12,"button_mh_mb":36,"button_pd_lr_mb":25,"button_ls_mb":0}},"651726e5-fbe4-4676-89df-fad4b2aafff8":{"type":"2","settings":{"fontf":"--font-family-1","border_w":2,"fsbutton":14,"fwbutton":500,"button_ls":0,"button_mh":42,"button_pd_lr":50,"fsbutton_tb":14,"button_mh_tb":40,"button_pd_lr_tb":40,"button_ls_tb":0,"fsbutton_mb":14,"button_mh_mb":36,"button_pd_lr_mb":30,"button_ls_mb":0}},"1dd98010-12d4-4818-b540-8f6a963c75eb":{"type":"3","settings":{"fontf":"--font-family-1","border_w":1,"fsbutton":12,"fwbutton":400,"button_ls":0,"button_mh":36,"button_pd_lr":30,"fsbutton_tb":12,"button_mh_tb":36,"button_pd_lr_tb":25,"button_ls_tb":0,"fsbutton_mb":12,"button_mh_mb":36,"button_pd_lr_mb":20,"button_ls_mb":0}}},"block_order":["btn_config-0","btn_config-1","27c889f8-dc53-4c6c-b537-0037a2de02e1","651726e5-fbe4-4676-89df-fad4b2aafff8","1dd98010-12d4-4818-b540-8f6a963c75eb"],"settings":{"fnt_fm_button":"--font-family-1","btn_fw":600,"button_effect":"default"}},"slider_config":{"type":"slider_config","blocks":{"slider_config-0":{"type":"custom1","settings":{"primary_color":"#ffb100","second_color":"#ffffff","primary_color_hover":"#ff4e00","second_color_hover":"#ffffff"}},"slider_config-1":{"type":"custom2","settings":{"primary_color":"#109533","second_color":"#ffffff","primary_color_hover":"#ff4e00","second_color_hover":"#ffffff"}}},"block_order":["slider_config-0","slider_config-1"],"settings":{"btn_vi":"hover","btn_owl":"default","btn_shape":"none","btn_size":"small","dot_owl":"default","dots_round":true,"dots_space":10}},"t4s_custom_color":{"type":"t4s_custom_color","blocks":{"3372f48b-d93b-49d3-9b99-95ea0034ff59":{"type":"lb_menu","settings":{"title":"New","color":"#34c134","cl_gradient":"","color_txt":"#ffffff"}},"5c78c9b8-ea0b-4f1b-9612-8a0036219ad5":{"type":"lb_menu","settings":{"title":"Hot","color":"#e33131","cl_gradient":"","color_txt":"#ffffff"}}},"block_order":["3372f48b-d93b-49d3-9b99-95ea0034ff59","5c78c9b8-ea0b-4f1b-9612-8a0036219ad5"],"settings":{}},"facets":{"type":"facets","settings":{"hidden_count":true,"style_color_filter":"Color, color","style_tag_filter":"Tag, tag, brand, Brand","style_size_filter":"Size, size"}},"footer-top":{"type":"footer-top","blocks":{"5cb60b30-b980-4198-96d3-763000fd1926":{"type":"bl_col","settings":{"col_heading":"","col_border":false,"menu":"","menu_style":"default","space_item":10,"col_dk":"6","col_dk_w":"33.33333","col_tb":"6","col_dk_w_tb":"33.33333","col_mb":"12","content_align":"t4s-text-lg-start","padding_inner":"","content_align_tb":"t4s-text-md-start","padding_inner_tb":"","col_heading_mobile":"","content_align_mb":"t4s-text-start","padding_inner_mb":""}},"5050008d-768d-4cf3-acf0-f7c05f6a4c7c":{"type":"custom_text","settings":{"text":"Stay up to date with Kiki.","remove_br_tag":false,"tag":"p","fontf":"inherit","text_cl":"#000000","text_fs":32,"text_lh":0,"text_fw":400,"text_ls":0,"font_italic":false,"text_shadow":false,"mgb":15,"text_fs_tb":16,"text_lh_tb":0,"text_ls_tb":0,"mgb_tb":10,"hidden_mobile":false,"text_fs_mb":16,"text_lh_mb":0,"text_ls_mb":0,"mgb_mb":10}},"c3b151df-7591-4d3b-bb72-3796f6e4dac0":{"type":"custom_text","settings":{"text":"Sign up for exclusive offers - we promise not to spam you!","remove_br_tag":false,"tag":"p","fontf":"inherit","text_cl":"#868686","text_fs":14,"text_lh":0,"text_fw":400,"text_ls":0,"font_italic":false,"text_shadow":false,"mgb":15,"text_fs_tb":16,"text_lh_tb":0,"text_ls_tb":0,"mgb_tb":10,"hidden_mobile":false,"text_fs_mb":14,"text_lh_mb":0,"text_ls_mb":0,"mgb_mb":10}},"footer-top-0":{"type":"bl_col","settings":{"col_heading":"","col_border":false,"menu":"","menu_style":"default","space_item":10,"col_dk":"6","col_dk_w":"33.33333","col_tb":"6","col_dk_w_tb":"33.33333","col_mb":"12","content_align":"t4s-text-lg-start","padding_inner":"","content_align_tb":"t4s-text-md-start","padding_inner_tb":"","col_heading_mobile":"","content_align_mb":"t4s-text-start","padding_inner_mb":""}}},"block_order":["5cb60b30-b980-4198-96d3-763000fd1926","5050008d-768d-4cf3-acf0-f7c05f6a4c7c","c3b151df-7591-4d3b-bb72-3796f6e4dac0","footer-top-0"],"settings":{"hidden_footer":true,"collapse":true,"align_vertical":false,"border_top":false,"border_pos":"full","space_h_item":"30","space_v_item":"20","space_h_item_tb":"10","space_v_item_tb":"20","space_h_item_mb":"10","space_v_item_mb":"20","heading_des":"1","heading_fontf":"inherit","heading_fs":16,"heading_lh":22,"heading_fw":500,"heading_ls":0,"mgb":30,"mgb_tb":30,"mgb_mb":20,"text_fs":14,"text_fw":400,"heading_cl":"#222222","text_cl":"#878787","link_cl":"#878787","link_hover_cl":"#222222","border_cl":"#e6e6e6","layout":"t4s-container-wrap","cl_bg":"","cl_bg_gradient":"","mg":"","pd":"","mg_tb":"","pd_tb":"","mg_mb":"","pd_mb":""}},"footer-bottom":{"type":"footer-bottom","blocks":{"eb6d9bc4-a99e-4ab6-888b-14987778f177":{"type":"bl_col","settings":{"col_heading":"","col_border":false,"menu":"","menu_style":"default","space_item":10,"space_item_tb":10,"space_item_mb":10,"col_dk":"6","col_dk_w":"33.33333","col_tb":"6","col_dk_w_tb":"33.33333","col_mb":"12","content_align":"t4s-text-lg-start","padding_inner":"16px,,16px","content_align_tb":"t4s-text-md-start","padding_inner_tb":"16px,,16px","col_heading_mobile":"","content_align_mb":"t4s-text-center","padding_inner_mb":"16px,,"}},"f6bb46c0-474a-43ea-a80b-708f057a4d51":{"type":"copyR","settings":{"text":"© [year] Kiki Bazaar | All Rights Reserved."}},"8f3fcb3e-b8e7-4df7-9942-5810c973c971":{"type":"bl_col","settings":{"col_heading":"","col_border":false,"menu":"","menu_style":"default","space_item":10,"space_item_tb":10,"space_item_mb":10,"col_dk":"6","col_dk_w":"33.33333","col_tb":"6","col_dk_w_tb":"33.33333","col_mb":"12","content_align":"t4s-text-lg-end","padding_inner":"16px,,8px","content_align_tb":"t4s-text-md-end","padding_inner_tb":"16px,,8px","col_heading_mobile":"","content_align_mb":"t4s-text-center","padding_inner_mb":"13px,,8px"}},"e0f21307-9dee-46e4-8798-15009735e185":{"type":"cus_menu","settings":{"menu":"","menu_style":"inline","space_item":30,"space_item_tb":10,"space_item_mb":10}},"bf89c112-03e1-455c-8aa8-55e8ce365eac":{"type":"payments","settings":{"svg":"afterpay,visa,master,google_pay,apple_pay,shopify_pay","height":30,"hidden_mobile":false}}},"block_order":["eb6d9bc4-a99e-4ab6-888b-14987778f177","f6bb46c0-474a-43ea-a80b-708f057a4d51","8f3fcb3e-b8e7-4df7-9942-5810c973c971","e0f21307-9dee-46e4-8798-15009735e185","bf89c112-03e1-455c-8aa8-55e8ce365eac"],"settings":{"hidden_footer":false,"collapse":true,"align_vertical":false,"border_top":true,"border_pos":"full","space_h_item":"30","space_v_item":"0","space_h_item_tb":"10","space_v_item_tb":"0","space_h_item_mb":"10","space_v_item_mb":"0","space_between":false,"heading_des":"1","heading_fontf":"inherit","heading_fs":12,"heading_lh":22,"heading_fw":500,"heading_ls":0,"mgb":30,"mgb_tb":30,"mgb_mb":20,"text_fs":11,"text_fw":500,"heading_cl":"#222222","text_cl":"#878787","link_cl":"#ffffff","link_hover_cl":"#ffbb00","border_cl":"#3b3b3f","layout":"t4s-container-wrap","cl_bg":"#0b2d14","cl_bg_gradient":"","mg":"","pd":"","mg_tb":"","pd_tb":"","mg_mb":"","pd_mb":""}},"facets_tags":{"type":"facets_tags","blocks":{"25cb8bbb-c308-4cad-b1dc-a5c25ae1dbb2":{"type":"color","settings":{"hidden_block":false,"title":"By Color","arra_enter":"Red,White,Brown,Blue, Black, Green, Grey, Sliver,Pink, fashion","use_auto_filter_tag":false,"key":"Color"}},"671d7724-79dc-4f9c-be04-4c237ebb1b4a":{"type":"other","settings":{"hidden_block":false,"title":"By Other","arra_enter":"Red,White,Brown,Blue, Black, Green, Grey, Sliver,Pink, fashion","use_auto_filter_tag":false,"key":"Other","style":"tag"}},"72129240-4866-40fe-8c83-57d246959d57":{"type":"color","settings":{"hidden_block":false,"title":"By Color","arra_enter":"Red,White,Brown,Blue, Black, Green, Grey, Sliver,Pink","use_auto_filter_tag":false,"key":"Color"}}},"block_order":["25cb8bbb-c308-4cad-b1dc-a5c25ae1dbb2","671d7724-79dc-4f9c-be04-4c237ebb1b4a","72129240-4866-40fe-8c83-57d246959d57"],"settings":{}},"header-bottom":{"type":"header-bottom","blocks":{"header-bottom-0":{"type":"mega","settings":{"title":"mega","url":"","open_link":"_self","icon":"","cus_cl":false,"cl":"#ec0101","lb":"","lb_cl":"#00BADB","pos_sub":"bottom","wid":"cus","cus_wid":1200,"id":1,"enable_packery":true,"r_s_h_item":"30","r_s_v_item":"30"}},"header-bottom-1":{"type":"mega","settings":{"title":"mega","url":"","open_link":"_self","icon":"","cus_cl":false,"cl":"#ec0101","lb":"","lb_cl":"#00BADB","pos_sub":"bottom","wid":"cus","cus_wid":1200,"id":1,"enable_packery":true,"r_s_h_item":"20","r_s_v_item":"30"}},"header-bottom-2":{"type":"base","settings":{"title":"base","url":"\/","open_link":"_self","icon":"","cus_cl":false,"cl":"#ec0101","lb":"","lb_cl":""}}},"block_order":["header-bottom-0","header-bottom-1","header-bottom-2"],"settings":{"full_header":false,"height":90,"height2":50,"arrow":false,"border":true,"align":"center","hover":"hover_sideup","h_navmb":62,"bgnav":"#ffffff","opnav":100,"clnav":"#222222","clnav_hover":"#56cfe1","h_icon":"unsen","hover_icon":"2","show_search":true,"show_compare":false,"show_wis":true,"account_des":"1","cart_des":"1","bg_hc":"#000000","cl_hc":"#ffffff","source":"2","txt":"<p style=\"display:flex;align-items:center;margin-bottom: 0; color:var(--h-text-color);\"><svg style=\"margin-right:5px;fill:currentColor\" enable-background=\"new 0 0 479.058 479.058\" height=\"20\" viewbox=\"0 0 479.058 479.058\" width=\"20\"><path d=\"m434.146 59.882h-389.234c-24.766 0-44.912 20.146-44.912 44.912v269.47c0 24.766 20.146 44.912 44.912 44.912h389.234c24.766 0 44.912-20.146 44.912-44.912v-269.47c0-24.766-20.146-44.912-44.912-44.912zm0 29.941c2.034 0 3.969.422 5.738 1.159l-200.355 173.649-200.356-173.649c1.769-.736 3.704-1.159 5.738-1.159zm0 299.411h-389.234c-8.26 0-14.971-6.71-14.971-14.971v-251.648l199.778 173.141c2.822 2.441 6.316 3.655 9.81 3.655s6.988-1.213 9.81-3.655l199.778-173.141v251.649c-.001 8.26-6.711 14.97-14.971 14.97z\"><\/path><\/svg> <a class=\"t4s-ct\" href=\"mailto:unsen@domain.com\">Unsen@domain.com<\/a><\/p>","sticky_header":true,"scroll_header":true,"bgnavst":"#ffffff","opnavst":100,"clnavst":"#222222","clnavst_hover":"#56cfe1","transparent_header":false,"space_transparent_header":false,"bgnavtr":"#000000","opnavtr":40,"clnavtr":"#ffffff","clnavtr_hover":"#ffffff","fm_nav":"1","fs_nav":14,"fw_nav":400,"ls_nav":0}},"heading-template":{"type":"heading-template","blocks":{"heading-template-0":{"type":"1","settings":{"heading":"My Wishlist","fontf":"inherit","text_cl":"#000000","text_fs":40,"text_lh":56,"text_fw":300,"text_ls":0,"font_italic":false,"font_uppercase":false,"text_shadow":false,"mgb":0,"text_fs_tb":35,"text_lh_tb":46,"text_ls_tb":0,"mgb_tb":0,"hidden_mobile":false,"text_fs_mb":35,"text_lh_mb":46,"text_ls_mb":0,"mgb_mb":0}},"2bb8e493-fee8-470f-add4-3b5e2ecb720d":{"type":"3","settings":{"breadcrumb_color":"#000000","breadcrumb_color_link":"#000000","brc_mgb":5}}},"block_order":["heading-template-0","2bb8e493-fee8-470f-add4-3b5e2ecb720d"],"settings":{"parallax":false,"color":"#000000","overlay":0,"padding_top":50,"padding_bottom":50,"mg_b":50,"padding_top_tb":50,"padding_bottom_tb":50,"mg_btb":50,"padding_top_mb":50,"padding_bottom_mb":50,"mg_bmb":50,"box_border":"top_bottom","bg_pos":"center center","bg_repeat":"no-repeat","bg_size":"cover"}},"main-wishlist":{"type":"main-wishlist","blocks":{"main-wishlist-0":{"type":"layout","settings":{}},"1781b0df-c077-4538-9303-f0d5bfc0199b":{"type":"btn","settings":{"title":"RETURN TO SHOP","url":"shopify:\/\/collections","open_link":"_self","btn_icon":false,"btn_rounded":false,"button_style":"default","btns_size":"medium","btns_cl":"primary","button_effect":"default"}}},"block_order":["main-wishlist-0","1781b0df-c077-4538-9303-f0d5bfc0199b"],"settings":{"product_list":[],"product_des":"1","rating_pos":"1","list_color_pos":"1","list_size_pos":"1","show_vendor":false,"use_cdt":false,"hidden_atc_mb":false,"image_ratio":"rationt","image_size":"cover","image_position":"8","content_align":"default","limit":12,"enable_listing":true,"enable_listing_default":false,"col_dk":"4","col_tb":"2","col_mb":"2","space_h_item":"30","space_v_item":"30","space_h_item_tb":"30","space_v_item_tb":"30","space_h_item_mb":"10","space_v_item_mb":"10","layout_des":"1","use_pagination":"default","enable_bar_lm":true,"btn_icon":false,"btn_rounded":false,"button_style":"default","btns_size":"large","btns_cl":"dark","button_effect":"default","btn_pos":"t4s-text-center","layout":"t4s-container-wrap","cl_bg":"","cl_bg_gradient":"","mg":",,50px,","pd":"","mg_mb":",,30px,","pd_mb":""}},"extras":{"type":"extras","settings":{}},"header-e-commerce":{"type":"header-e-commerce","blocks":{"header-e-commerce-0":{"type":"parent","settings":{"title":"Category title","url":"\/","open_link":"_self","icon":"","cus_cl":false,"cl":"#ec0101","lb":"","lb_cl":""}},"header-e-commerce-1":{"type":"mega","settings":{"title":"mega","url":"","open_link":"_self","icon":"","cus_cl":false,"cl":"#ec0101","lb":"","lb_cl":"#00BADB","use_sub_heading":false,"mg_sub_hd":"SUB HEADING","pos_sub":"bottom","wid":"cus","cus_wid":1400,"id":1,"enable_packery":true,"r_s_h_item":"20","r_s_v_item":"30","padding_inner_bn":"30px,30px,30px,30px"}},"header-e-commerce-2":{"type":"mega","settings":{"title":"mega","url":"","open_link":"_self","icon":"","cus_cl":false,"cl":"#ec0101","lb":"","lb_cl":"#00BADB","use_sub_heading":false,"mg_sub_hd":"SUB HEADING","pos_sub":"bottom","wid":"cus","cus_wid":1400,"id":1,"enable_packery":true,"r_s_h_item":"20","r_s_v_item":"30","padding_inner_bn":"30px,30px,30px,30px"}},"header-e-commerce-3":{"type":"base","settings":{"title":"base","url":"\/","open_link":"_self","icon":"","cus_cl":false,"cl":"#ec0101","lb":"","lb_cl":""}},"header-e-commerce-4":{"type":"parent","settings":{"title":"Category title","url":"\/","open_link":"_self","icon":"","cus_cl":false,"cl":"#ec0101","lb":"","lb_cl":""}},"header-e-commerce-5":{"type":"mega","settings":{"title":"mega","url":"","open_link":"_self","icon":"","cus_cl":false,"cl":"#ec0101","lb":"","lb_cl":"#00BADB","use_sub_heading":false,"mg_sub_hd":"SUB HEADING","pos_sub":"bottom","wid":"cus","cus_wid":1400,"id":1,"enable_packery":true,"r_s_h_item":"20","r_s_v_item":"30","padding_inner_bn":"30px,30px,30px,30px"}},"header-e-commerce-6":{"type":"mega","settings":{"title":"mega","url":"","open_link":"_self","icon":"","cus_cl":false,"cl":"#ec0101","lb":"","lb_cl":"#00BADB","use_sub_heading":false,"mg_sub_hd":"SUB HEADING","pos_sub":"bottom","wid":"cus","cus_wid":1400,"id":1,"enable_packery":true,"r_s_h_item":"20","r_s_v_item":"30","padding_inner_bn":"30px,30px,30px,30px"}},"header-e-commerce-7":{"type":"base","settings":{"title":"base","url":"\/","open_link":"_self","icon":"","cus_cl":false,"cl":"#ec0101","lb":"","lb_cl":""}}},"block_order":["header-e-commerce-0","header-e-commerce-1","header-e-commerce-2","header-e-commerce-3","header-e-commerce-4","header-e-commerce-5","header-e-commerce-6","header-e-commerce-7"],"settings":{"full_header":false,"height":90,"height2":50,"arrow":false,"border":true,"align":"center","hover":"hover_sideup","enable_active":false,"h_navmb":62,"bgnav":"#ffffff","opnav":100,"clnav":"#222222","clnav_hover":"#0ec1ae","h_icon":"unsen","h_txt_lable":false,"hover_icon":"2","show_search":true,"show_compare":false,"show_wis":true,"account_des":"1","cart_des":"1","bg_hc":"#000000","cl_hc":"#ffffff","sticky_header":true,"scroll_header":true,"bgnavst":"#ffffff","opnavst":100,"clnavst":"#222222","clnavst_hover":"#0ec1ae","transparent_header":false,"transparent_collection":false,"transparent_article":false,"space_transparent_header":false,"bgnavtr":"#000000","opnavtr":40,"clnavtr":"#ffffff","clnavtr_hover":"#ffffff","fm_nav":"1","fs_nav_pr":14,"fw_nav_pr":400,"ls_nav_pr":0,"sp_nav":25,"fs_nav":14,"fw_nav":400,"ls_nav":0,"pd":",15px,,15px"}}},"content_for_index":[],"blocks":{"6588702529468458379":{"type":"shopify:\/\/apps\/ecomposer-landing-page-builder\/blocks\/app-embed\/a0fc26e1-7741-4773-8b27-39389b4fb4a0","disabled":false,"settings":{}},"6406956604159796213":{"type":"shopify:\/\/apps\/smart-seo\/blocks\/smartseo\/7b0a6064-ca2e-4392-9a1d-8c43c942357b","disabled":false,"settings":{}},"2611479755219051411":{"type":"shopify:\/\/apps\/appio-google-reviews\/blocks\/integration\/25437a0d-2feb-4f5f-b07d-e313afa21656","disabled":false,"settings":{}},"13768625480086291342":{"type":"shopify:\/\/apps\/forms\/blocks\/forms\/8744a304-fcb1-4347-b211-bb6b4759a76a","disabled":false,"settings":{}},"15683396631634586217":{"type":"shopify:\/\/apps\/inbox\/blocks\/chat\/841fc607-4181-4ad1-842d-e24d7f8bad6b","disabled":false,"settings":{"button_color":"#6b00be","secondary_color":"#ffffff","ternary_color":"#6a6a6a","button_icon":"chat_bubble","button_text":"chat_with_us","button_horizontal_position":"bottom_left","button_vertical_position":"lowest","greeting_message":"👋 Hi, message us with any questions. We're happy to help!"}}}}}